User,Date,Time in Locked Mode,,,,,,,
1,1-Apr-13,4.519166667,,,,,,,
,1-May-13,10.07027778,,,,,,,
,2-Apr-13,9.668888889,,,,,,,
,2-May-13,1.141666667,,,,,,,
,3-Apr-13,13.37138889,,,,,,,
,3-May-13,19.44083333,,,,,,,
,4-May-13,2.824444444,,,,,,,
,5-Apr-13,12.43166667,,,,,,,
,5-May-13,16.02027778,,,,,,,
,6-Apr-13,19.52083333,,,,,,,
,6-May-13,6.740277778,,,,,,,
,7-Apr-13,13.84444444,,,,,,,
,7-May-13,14.24777778,,,,,,,
,8-Apr-13,11.36472222,,,,,,,
,8-May-13,15.06611111,,,,,,,
,9-Apr-13,13.07861111,,,,,,,
,9-May-13,12.72,,,,,,,
,10-Apr-13,6.612222222,,,,,,,
,10-May-13,13.88222222,,,,,,,
,11-Apr-13,2.296944444,,,,,,,
,11-May-13,5.095,,,,,,,
,12-Apr-13,9.221944444,,,,,,,
,12-May-13,6.680833333,,,,,,,
,13-Apr-13,1.343888889,,,,,,,
,13-May-13,5.3075,,,,,,,
,14-Apr-13,18.80777778,,,,,,,
,14-May-13,17.19166667,,,,,,,
,15-Apr-13,11.43277778,,,,,,,
,15-May-13,4.263055556,,,,,,,
,16-Apr-13,11.15666667,,,,,,,
,16-May-13,8.864444444,,,,,,,
,17-Apr-13,8.688333333,,,,,,,
,17-May-13,11.64972222,,,,,,,
,18-Apr-13,5.198055556,,,,,,,
,19-Apr-13,6.842222222,,,,,,,
,19-May-13,5.056111111,,,,,,,
,20-Apr-13,13.08611111,,,,,,,
,21-Apr-13,13.94916667,,,,,,,
,22-Apr-13,7.791944444,,,,,,,
,23-Apr-13,14.88888889,,,,,,,
,23-May-13,7.330833333,,,,,,,
,24-Apr-13,5.673333333,,,,,,,
,24-May-13,1.508055556,,,,,,,
,25-Apr-13,6.156388889,,,,,,,
,25-May-13,2.155833333,,,,,,,
,26-Apr-13,11.12111111,,,,,,,
,26-May-13,8.443055556,,,,,,,
,27-Apr-13,18.7725,,,,,,,
,27-Mar-13,9.845,,,,,,,
,27-May-13,13.34194444,,,,,,,
,28-Apr-13,10.69472222,,,,,,,
,28-Mar-13,1.356666667,,,,,,,
,28-May-13,13.78611111,,,,,,,
,29-Apr-13,6.374444444,,,,,,,
,29-Mar-13,11.24527778,,,,,,,
,30-Apr-13,13.92833333,,,,,,,
,30-Mar-13,7.386666667,,,,,,,
,30-May-13,2.917777778,,,,,,,
,31-Mar-13,21.44416667,,,,,,,
,31-May-13,15.87888889,,,,,,,
2,1-Apr-13,16.21388889,,,,,,,
,1-May-13,24.09444444,,,,,,,
,2-Apr-13,9.206666667,,,,,,,
,2-May-13,24.05416667,,,,,,,
,3-Apr-13,23.45555556,,,,,,,
,3-May-13,27.92361111,,,,,,,
,4-Apr-13,8.537222222,,,,,,,
,4-May-13,9.515555556,,,,,,,
,5-Apr-13,22.40611111,,,,,,,
,6-Apr-13,11.69527778,,,,,,,
,7-Apr-13,14.57416667,,,,,,,
,8-Apr-13,18.82333333,,,,,,,
,8-May-13,18.27611111,,,,,,,
,9-Apr-13,6.661388889,,,,,,,
,9-May-13,2.8375,,,,,,,
,10-Apr-13,22.6675,,,,,,,
,10-May-13,10.85805556,,,,,,,
,11-Apr-13,26.45944444,,,,,,,
,12-Apr-13,16.74861111,,,,,,,
,13-Apr-13,10.49277778,,,,,,,
,13-May-13,12.21,,,,,,,
,14-Apr-13,7.481666667,,,,,,,
,14-May-13,9.390555556,,,,,,,
,15-Apr-13,15.97472222,,,,,,,
,15-May-13,23.38361111,,,,,,,
,16-Apr-13,8.334166667,,,,,,,
,16-May-13,11.21944444,,,,,,,
,17-Apr-13,21.17277778,,,,,,,
,17-May-13,7.812777778,,,,,,,
,18-Apr-13,18.425,,,,,,,
,18-May-13,12.81472222,,,,,,,
,19-Apr-13,15.5075,,,,,,,
,19-May-13,12.71083333,,,,,,,
,20-Apr-13,5.866111111,,,,,,,
,20-May-13,4.4625,,,,,,,
,21-Apr-13,20.91222222,,,,,,,
,21-May-13,6.273333333,,,,,,,
,22-Apr-13,24.29638889,,,,,,,
,22-May-13,6.006666667,,,,,,,
,23-Apr-13,19.55916667,,,,,,,
,23-May-13,20.67555556,,,,,,,
,24-Apr-13,21.02611111,,,,,,,
,25-Apr-13,15.14722222,,,,,,,
,26-Apr-13,22.81472222,,,,,,,
,26-May-13,15.79472222,,,,,,,
,27-Apr-13,26.52,,,,,,,
,27-Mar-13,13.13583333,,,,,,,
,27-May-13,5.202222222,,,,,,,
,28-Apr-13,10.67222222,,,,,,,
,28-Mar-13,4.540833333,,,,,,,
,28-May-13,10.68888889,,,,,,,
,29-Apr-13,19.39444444,,,,,,,
,29-Mar-13,19.45666667,,,,,,,
,29-May-13,7.310555556,,,,,,,
,30-Apr-13,5.757222222,,,,,,,
,30-Mar-13,24.64083333,,,,,,,
,31-Mar-13,25.72777778,,,,,,,
3,1-Apr-13,10.88361111,,,,,,,
,1-May-13,11.07777778,,,,,,,
,2-Apr-13,4.666944444,,,,,,,
,2-May-13,8.153611111,,,,,,,
,3-Apr-13,8.637777778,,,,,,,
,3-May-13,10.00055556,,,,,,,
,4-Apr-13,10.70388889,,,,,,,
,4-May-13,5.915,,,,,,,
,5-Apr-13,2.396111111,,,,,,,
,5-May-13,3.249166667,,,,,,,
,6-Apr-13,3.992777778,,,,,,,
,6-May-13,12.50638889,,,,,,,
,7-Apr-13,8.274444444,,,,,,,
,7-May-13,8.645833333,,,,,,,
,8-Apr-13,2.246944444,,,,,,,
,8-May-13,1.213888889,,,,,,,
,9-Apr-13,18.23055556,,,,,,,
,9-May-13,3.004722222,,,,,,,
,10-Apr-13,17.77222222,,,,,,,
,10-May-13,3.992777778,,,,,,,
,11-Apr-13,8.957777778,,,,,,,
,11-May-13,6.701944444,,,,,,,
,12-Apr-13,8.570833333,,,,,,,
,12-May-13,1.430277778,,,,,,,
,13-Apr-13,9.66,,,,,,,
,13-May-13,8.202777778,,,,,,,
,14-Apr-13,8.387777778,,,,,,,
,14-May-13,9.935,,,,,,,
,15-Apr-13,3.833333333,,,,,,,
,15-May-13,6.693611111,,,,,,,
,16-Apr-13,9.475,,,,,,,
,16-May-13,2.458055556,,,,,,,
,17-Apr-13,6.91,,,,,,,
,17-May-13,2.883333333,,,,,,,
,18-Apr-13,2.784166667,,,,,,,
,18-May-13,6.834166667,,,,,,,
,19-Apr-13,1.106111111,,,,,,,
,20-Apr-13,11.62916667,,,,,,,
,20-May-13,9.378888889,,,,,,,
,21-Apr-13,8.147222222,,,,,,,
,21-May-13,6.733055556,,,,,,,
,22-May-13,2.704166667,,,,,,,
,23-Apr-13,10.90361111,,,,,,,
,23-May-13,9.908611111,,,,,,,
,24-Apr-13,1.783888889,,,,,,,
,24-May-13,7.313333333,,,,,,,
,25-Apr-13,5.115833333,,,,,,,
,25-May-13,8.0675,,,,,,,
,26-Apr-13,3.88,,,,,,,
,26-May-13,6.0325,,,,,,,
,27-Apr-13,8.766111111,,,,,,,
,27-Mar-13,8.596944444,,,,,,,
,27-May-13,7.637777778,,,,,,,
,28-Apr-13,7.611111111,,,,,,,
,28-May-13,3.728888889,,,,,,,
,29-Apr-13,7.803055556,,,,,,,
,29-Mar-13,11.16833333,,,,,,,
,29-May-13,4.8425,,,,,,,
,30-Apr-13,5.486111111,,,,,,,
,30-Mar-13,7.071111111,,,,,,,
,30-May-13,9.446944444,,,,,,,
,31-Mar-13,8.175,,,,,,,
,31-May-13,5.750555556,,,,,,,
4,1-Apr-13,14.81722222,,,,,,,
,3-Apr-13,9.81,,,,,,,
,4-May-13,2.8025,,,,,,,
,5-Apr-13,9.784444444,,,,,,,
,5-May-13,6.850833333,,,,,,,
,6-May-13,18.87888889,,,,,,,
,7-Apr-13,17.48611111,,,,,,,
,8-Apr-13,28.6025,,,,,,,
,9-Apr-13,17.91027778,,,,,,,
,10-Apr-13,3.145277778,,,,,,,
,11-May-13,4.372777778,,,,,,,
,12-Apr-13,9.761944444,,,,,,,
,12-May-13,5.917777778,,,,,,,
,13-Apr-13,1.302222222,,,,,,,
,13-May-13,2.859444444,,,,,,,
,14-Apr-13,2.721111111,,,,,,,
,14-May-13,1.261388889,,,,,,,
,15-Apr-13,9.881388889,,,,,,,
,15-May-13,9.010277778,,,,,,,
,16-Apr-13,11.68694444,,,,,,,
,16-May-13,7.674166667,,,,,,,
,17-Apr-13,8.742777778,,,,,,,
,20-Apr-13,11.2625,,,,,,,
,21-Apr-13,18.03666667,,,,,,,
,21-May-13,1.593055556,,,,,,,
,22-Apr-13,10.45666667,,,,,,,
,23-Apr-13,27.01222222,,,,,,,
,24-Apr-13,15.38833333,,,,,,,
,26-Apr-13,1.429166667,,,,,,,
,26-Mar-13,5.444444444,,,,,,,
,27-Apr-13,8.706666667,,,,,,,
,27-Mar-13,17.09472222,,,,,,,
,28-Apr-13,6.857222222,,,,,,,
,28-Mar-13,12.31027778,,,,,,,
,29-Apr-13,13.21527778,,,,,,,
,29-Mar-13,11.71027778,,,,,,,
,30-Apr-13,28.52861111,,,,,,,
,30-Mar-13,7.919166667,,,,,,,
,31-Mar-13,18.50555556,,,,,,,
5,1-Apr-13,24.60694444,,,,,,,
,1-May-13,19.18972222,,,,,,,
,2-Apr-13,17.76944444,,,,,,,
,2-May-13,16.15555556,,,,,,,
,3-Apr-13,22.54027778,,,,,,,
,3-May-13,7.661388889,,,,,,,
,4-Apr-13,17.42416667,,,,,,,
,4-May-13,8.385,,,,,,,
,5-Apr-13,23.26888889,,,,,,,
,5-May-13,19.025,,,,,,,
,6-Apr-13,21.46611111,,,,,,,
,6-May-13,15.95388889,,,,,,,
,7-Apr-13,13.45944444,,,,,,,
,7-May-13,14.73138889,,,,,,,
,8-Apr-13,21.885,,,,,,,
,8-May-13,10.05444444,,,,,,,
,9-Apr-13,20.13361111,,,,,,,
,9-May-13,25.29222222,,,,,,,
,10-Apr-13,22.62277778,,,,,,,
,10-May-13,23.80833333,,,,,,,
,11-Apr-13,11.22972222,,,,,,,
,11-May-13,20.13277778,,,,,,,
,12-Apr-13,16.98972222,,,,,,,
,12-May-13,9.525555556,,,,,,,
,13-Apr-13,25.72888889,,,,,,,
,13-May-13,21.44,,,,,,,
,14-Apr-13,27.85027778,,,,,,,
,14-May-13,18.83611111,,,,,,,
,15-Apr-13,17.44805556,,,,,,,
,15-May-13,18.9675,,,,,,,
,16-Apr-13,7.154722222,,,,,,,
,16-May-13,23.69138889,,,,,,,
,17-Apr-13,13.82361111,,,,,,,
,17-May-13,10.03972222,,,,,,,
,18-Apr-13,24.42472222,,,,,,,
,18-May-13,7.334722222,,,,,,,
,19-Apr-13,22.49694444,,,,,,,
,19-May-13,3.3225,,,,,,,
,20-Apr-13,24.09055556,,,,,,,
,21-May-13,12.04916667,,,,,,,
,22-Apr-13,17.31805556,,,,,,,
,22-May-13,7.025555556,,,,,,,
,23-Apr-13,16.85277778,,,,,,,
,24-Apr-13,22.45805556,,,,,,,
,25-Apr-13,23.86194444,,,,,,,
,26-Apr-13,16.27388889,,,,,,,
,27-Apr-13,17.5625,,,,,,,
,27-Mar-13,14.95527778,,,,,,,
,28-Apr-13,24.34472222,,,,,,,
,28-Mar-13,17.17833333,,,,,,,
,29-Apr-13,16.50666667,,,,,,,
,29-Mar-13,15.34805556,,,,,,,
,30-Apr-13,20.46083333,,,,,,,
,30-Mar-13,25.73833333,,,,,,,
,31-Mar-13,13.56833333,,,,,,,
6,1-Apr-13,19.47416667,,,,,,,
,1-May-13,7.250555556,,,,,,,
,2-Apr-13,21.3675,,,,,,,
,2-May-13,8.665833333,,,,,,,
,3-Apr-13,21.87277778,,,,,,,
,3-May-13,21.70694444,,,,,,,
,4-Apr-13,22.21972222,,,,,,,
,4-May-13,20.2425,,,,,,,
,5-Apr-13,2.805277778,,,,,,,
,5-May-13,2.849722222,,,,,,,
,6-Apr-13,24.07277778,,,,,,,
,6-May-13,9.943888889,,,,,,,
,7-Apr-13,14.70805556,,,,,,,
,8-Apr-13,15.38,,,,,,,
,8-May-13,5.991944444,,,,,,,
,9-Apr-13,22.02138889,,,,,,,
,9-May-13,1.511388889,,,,,,,
,10-Apr-13,18.00861111,,,,,,,
,10-May-13,5.781944444,,,,,,,
,11-Apr-13,11.49,,,,,,,
,12-Apr-13,5.368333333,,,,,,,
,12-May-13,8.780833333,,,,,,,
,13-Apr-13,1.718888889,,,,,,,
,13-May-13,8.367777778,,,,,,,
,14-Apr-13,22.14222222,,,,,,,
,15-Apr-13,19.45444444,,,,,,,
,15-May-13,9.599722222,,,,,,,
,16-Apr-13,4.909444444,,,,,,,
,17-Apr-13,25.15805556,,,,,,,
,18-Apr-13,2.382222222,,,,,,,
,18-May-13,3.656666667,,,,,,,
,19-Apr-13,2.921111111,,,,,,,
,19-May-13,8.8625,,,,,,,
,20-Apr-13,2.494166667,,,,,,,
,20-May-13,1.124166667,,,,,,,
,21-Apr-13,4.510277778,,,,,,,
,21-May-13,8.531388889,,,,,,,
,22-Apr-13,12.9625,,,,,,,
,22-May-13,21.4625,,,,,,,
,23-Apr-13,12.99555556,,,,,,,
,24-Apr-13,11.20888889,,,,,,,
,24-May-13,1.088333333,,,,,,,
,25-Apr-13,18.58388889,,,,,,,
,26-Apr-13,13.30111111,,,,,,,
,27-Apr-13,15.65777778,,,,,,,
,27-Mar-13,16.16305556,,,,,,,
,27-May-13,3.541388889,,,,,,,
,28-Apr-13,4.297777778,,,,,,,
,28-Mar-13,16.26805556,,,,,,,
,28-May-13,5.596944444,,,,,,,
,29-Apr-13,16.42305556,,,,,,,
,29-Mar-13,8.1775,,,,,,,
,29-May-13,7.048333333,,,,,,,
,30-Apr-13,25.24,,,,,,,
,30-Mar-13,19.94361111,,,,,,,
,31-Mar-13,21.56972222,,,,,,,
7,1-Apr-13,12.46,,,,,,,
,1-May-13,15.61222222,,,,,,,
,2-Apr-13,16.97527778,,,,,,,
,2-May-13,18.32527778,,,,,,,
,3-Apr-13,17.40444444,,,,,,,
,3-May-13,16.78638889,,,,,,,
,4-Apr-13,23.17416667,,,,,,,
,4-May-13,19.06805556,,,,,,,
,5-Apr-13,15.69138889,,,,,,,
,6-Apr-13,25.105,,,,,,,
,6-May-13,23.77194444,,,,,,,
,7-Apr-13,6.834722222,,,,,,,
,7-May-13,5.094444444,,,,,,,
,8-Apr-13,13.31888889,,,,,,,
,9-May-13,3.407777778,,,,,,,
,10-Apr-13,9.685555556,,,,,,,
,11-Apr-13,20.17833333,,,,,,,
,12-Apr-13,17.08611111,,,,,,,
,12-May-13,26.1825,,,,,,,
,13-Apr-13,13.45583333,,,,,,,
,13-May-13,17.28305556,,,,,,,
,14-Apr-13,7.873055556,,,,,,,
,15-Apr-13,11.14083333,,,,,,,
,16-Apr-13,21.15361111,,,,,,,
,17-Apr-13,20.79777778,,,,,,,
,18-Apr-13,20.4625,,,,,,,
,19-Apr-13,17.53305556,,,,,,,
,20-Apr-13,20.04583333,,,,,,,
,21-Apr-13,17.41027778,,,,,,,
,22-Apr-13,9.843611111,,,,,,,
,23-Apr-13,15.54,,,,,,,
,24-Apr-13,24.47166667,,,,,,,
,25-Apr-13,19.9175,,,,,,,
,26-Apr-13,20.81166667,,,,,,,
,27-Apr-13,2.623888889,,,,,,,
,27-Mar-13,10.26222222,,,,,,,
,28-Apr-13,7.716388889,,,,,,,
,28-Mar-13,12.32694444,,,,,,,
,29-Apr-13,7.893333333,,,,,,,
,29-Mar-13,3.765,,,,,,,
,30-Apr-13,10.12694444,,,,,,,
,30-Mar-13,21.64888889,,,,,,,
,31-Mar-13,18.46666667,,,,,,,
8,1-Apr-13,6.105277778,,,,,,,
,1-May-13,8.3225,,,,,,,
,2-Apr-13,7.318888889,,,,,,,
,2-May-13,6.82,,,,,,,
,3-Apr-13,12.61055556,,,,,,,
,3-May-13,9.736111111,,,,,,,
,4-Apr-13,7.823611111,,,,,,,
,5-Apr-13,9.385833333,,,,,,,
,5-May-13,12.70527778,,,,,,,
,6-Apr-13,11.12777778,,,,,,,
,6-May-13,8.157777778,,,,,,,
,7-Apr-13,8.399444444,,,,,,,
,7-May-13,14.27416667,,,,,,,
,8-Apr-13,13.28777778,,,,,,,
,8-May-13,12.13083333,,,,,,,
,9-Apr-13,11.75,,,,,,,
,9-May-13,12.98333333,,,,,,,
,10-Apr-13,11.52194444,,,,,,,
,10-May-13,11.375,,,,,,,
,11-Apr-13,13.68361111,,,,,,,
,11-May-13,13.31527778,,,,,,,
,12-Apr-13,15.47805556,,,,,,,
,12-May-13,6.763055556,,,,,,,
,13-Apr-13,10.40833333,,,,,,,
,13-May-13,13.19777778,,,,,,,
,14-Apr-13,11.85333333,,,,,,,
,14-May-13,10.28694444,,,,,,,
,15-Apr-13,10.81027778,,,,,,,
,15-May-13,13.63777778,,,,,,,
,16-Apr-13,12.73194444,,,,,,,
,16-May-13,10.00916667,,,,,,,
,17-Apr-13,6.214166667,,,,,,,
,17-May-13,13.39666667,,,,,,,
,18-Apr-13,6.034166667,,,,,,,
,18-May-13,18.04805556,,,,,,,
,19-Apr-13,6.046666667,,,,,,,
,19-May-13,14.28694444,,,,,,,
,20-Apr-13,7.998333333,,,,,,,
,20-May-13,14.50833333,,,,,,,
,21-Apr-13,7.446666667,,,,,,,
,21-May-13,8.782777778,,,,,,,
,22-Apr-13,11.18805556,,,,,,,
,22-May-13,10.94666667,,,,,,,
,23-Apr-13,9.590555556,,,,,,,
,23-May-13,7.487222222,,,,,,,
,24-Apr-13,12.58611111,,,,,,,
,24-May-13,16.965,,,,,,,
,25-Apr-13,4.679444444,,,,,,,
,25-May-13,9.918333333,,,,,,,
,26-Apr-13,9.144444444,,,,,,,
,26-May-13,2.625833333,,,,,,,
,27-Apr-13,6.338055556,,,,,,,
,27-Mar-13,13.50805556,,,,,,,
,27-May-13,9.197777778,,,,,,,
,28-Apr-13,8.161666667,,,,,,,
,28-Mar-13,8.611111111,,,,,,,
,28-May-13,15.26777778,,,,,,,
,29-Apr-13,7.563611111,,,,,,,
,29-Mar-13,13.23861111,,,,,,,
,30-Apr-13,7.109722222,,,,,,,
,30-Mar-13,17.81111111,,,,,,,
,31-Mar-13,13.03694444,,,,,,,
9,1-May-13,23.24333333,,,,,,,
,2-Apr-13,13.46055556,,,,,,,
,2-May-13,19.51333333,,,,,,,
,3-Apr-13,18.60444444,,,,,,,
,3-May-13,22.135,,,,,,,
,4-Apr-13,8.588888889,,,,,,,
,4-May-13,8.983611111,,,,,,,
,5-Apr-13,4.206111111,,,,,,,
,6-Apr-13,23.69777778,,,,,,,
,6-May-13,10.03722222,,,,,,,
,7-Apr-13,22.33777778,,,,,,,
,7-May-13,22.01527778,,,,,,,
,8-Apr-13,7.633611111,,,,,,,
,8-May-13,18.91083333,,,,,,,
,9-Apr-13,19.94055556,,,,,,,
,9-May-13,18.42583333,,,,,,,
,10-Apr-13,26.05222222,,,,,,,
,10-May-13,21.47361111,,,,,,,
,11-Apr-13,4.246388889,,,,,,,
,11-May-13,19.15833333,,,,,,,
,12-Apr-13,8.831944444,,,,,,,
,12-May-13,18.65277778,,,,,,,
,13-Apr-13,16.5225,,,,,,,
,13-May-13,2.949722222,,,,,,,
,14-Apr-13,18.07,,,,,,,
,14-May-13,16.85833333,,,,,,,
,15-Apr-13,4.122222222,,,,,,,
,15-May-13,14.93055556,,,,,,,
,16-Apr-13,19.03,,,,,,,
,16-May-13,11.075,,,,,,,
,17-Apr-13,12.16833333,,,,,,,
,17-May-13,12.49611111,,,,,,,
,18-Apr-13,23.09722222,,,,,,,
,19-Apr-13,20.89555556,,,,,,,
,19-May-13,22.45138889,,,,,,,
,20-Apr-13,22.57638889,,,,,,,
,20-May-13,9.014722222,,,,,,,
,21-Apr-13,23.03361111,,,,,,,
,21-May-13,9.504444444,,,,,,,
,22-Apr-13,14.32777778,,,,,,,
,22-May-13,15.83111111,,,,,,,
,23-Apr-13,15.87333333,,,,,,,
,23-May-13,20.05027778,,,,,,,
,24-Apr-13,22.58694444,,,,,,,
,24-May-13,9.161388889,,,,,,,
,25-Apr-13,5.271944444,,,,,,,
,25-May-13,7.813611111,,,,,,,
,26-Apr-13,11.42416667,,,,,,,
,26-May-13,14.38472222,,,,,,,
,27-Mar-13,16.80305556,,,,,,,
,27-May-13,9.973333333,,,,,,,
,28-Apr-13,14.53638889,,,,,,,
,28-Mar-13,15.06694444,,,,,,,
,28-May-13,9.883055556,,,,,,,
,29-Apr-13,18.7025,,,,,,,
,29-Mar-13,16.71277778,,,,,,,
,29-May-13,12.97666667,,,,,,,
,30-Apr-13,17.75861111,,,,,,,
,30-Mar-13,6.241111111,,,,,,,
,30-May-13,3.027222222,,,,,,,
,31-May-13,3.208611111,,,,,,,
10,1-Apr-13,20.26166667,,,,,,,
,1-Jun-13,4.086666667,,,,,,,
,1-May-13,11.70722222,,,,,,,
,2-Apr-13,14.66333333,,,,,,,
,2-May-13,19.27055556,,,,,,,
,3-Apr-13,19.84722222,,,,,,,
,3-May-13,6.285833333,,,,,,,
,4-Apr-13,15.61333333,,,,,,,
,4-May-13,8.391388889,,,,,,,
,5-Apr-13,18.07638889,,,,,,,
,5-May-13,6.560833333,,,,,,,
,6-Apr-13,18.79777778,,,,,,,
,6-May-13,4.634166667,,,,,,,
,7-Apr-13,18.44222222,,,,,,,
,7-May-13,18.83111111,,,,,,,
,8-Apr-13,16.51222222,,,,,,,
,8-May-13,7.892222222,,,,,,,
,9-Apr-13,13.32083333,,,,,,,
,9-May-13,8.686111111,,,,,,,
,10-Apr-13,20.86694444,,,,,,,
,10-May-13,7.398888889,,,,,,,
,11-Apr-13,11.25861111,,,,,,,
,11-May-13,4.034444444,,,,,,,
,12-Apr-13,18.81972222,,,,,,,
,12-May-13,9.092222222,,,,,,,
,13-Apr-13,13.77777778,,,,,,,
,13-May-13,18.51666667,,,,,,,
,14-Apr-13,16.82055556,,,,,,,
,14-May-13,7.569722222,,,,,,,
,15-Apr-13,20.74861111,,,,,,,
,15-May-13,13.35333333,,,,,,,
,16-Apr-13,12.60555556,,,,,,,
,16-May-13,7.695555556,,,,,,,
,17-Apr-13,3.565833333,,,,,,,
,17-May-13,16.73416667,,,,,,,
,18-Apr-13,13.97416667,,,,,,,
,18-May-13,7.671111111,,,,,,,
,19-Apr-13,4.810555556,,,,,,,
,19-May-13,8.346388889,,,,,,,
,20-Apr-13,14.21333333,,,,,,,
,20-May-13,10.59583333,,,,,,,
,21-Apr-13,15.54222222,,,,,,,
,21-May-13,6.601388889,,,,,,,
,22-Apr-13,18.58361111,,,,,,,
,22-May-13,9.388611111,,,,,,,
,23-Apr-13,16.72472222,,,,,,,
,23-May-13,10.08333333,,,,,,,
,24-Apr-13,21.38388889,,,,,,,
,24-May-13,5.96,,,,,,,
,25-Apr-13,16.015,,,,,,,
,25-May-13,15.29861111,,,,,,,
,26-Apr-13,18.2925,,,,,,,
,26-May-13,4.2675,,,,,,,
,27-Apr-13,2.314444444,,,,,,,
,27-Mar-13,15.06722222,,,,,,,
,27-May-13,15.86638889,,,,,,,
,28-Apr-13,3.532777778,,,,,,,
,28-Mar-13,13.47777778,,,,,,,
,28-May-13,20.91638889,,,,,,,
,29-Apr-13,7.397222222,,,,,,,
,29-Mar-13,14.87833333,,,,,,,
,29-May-13,13.25444444,,,,,,,
,30-Apr-13,9.709444444,,,,,,,
,30-Mar-13,16.3075,,,,,,,
,30-May-13,5.758888889,,,,,,,
,31-Mar-13,19.98666667,,,,,,,
,31-May-13,1.386666667,,,,,,,
11,1-Apr-13,6.205555556,,,,,,,
,1-Jun-13,1.154444444,,,,,,,
,1-May-13,16.73972222,,,,,,,
,2-Apr-13,13.37861111,,,,,,,
,2-May-13,15.8075,,,,,,,
,3-Apr-13,15.36222222,,,,,,,
,3-May-13,20.07638889,,,,,,,
,4-Apr-13,15.11805556,,,,,,,
,4-May-13,15.45027778,,,,,,,
,5-Apr-13,7.466666667,,,,,,,
,5-May-13,10.69138889,,,,,,,
,6-Apr-13,13.69861111,,,,,,,
,6-May-13,13.21444444,,,,,,,
,7-Apr-13,10.09916667,,,,,,,
,7-May-13,11.03555556,,,,,,,
,8-Apr-13,7.150277778,,,,,,,
,8-May-13,17.26972222,,,,,,,
,9-Apr-13,13.73916667,,,,,,,
,9-May-13,12.10444444,,,,,,,
,10-Apr-13,10.75027778,,,,,,,
,10-May-13,10.70222222,,,,,,,
,11-Apr-13,13.88833333,,,,,,,
,11-May-13,15.18277778,,,,,,,
,12-Apr-13,11.87194444,,,,,,,
,12-May-13,8.896666667,,,,,,,
,13-Apr-13,11.83777778,,,,,,,
,13-May-13,13.96861111,,,,,,,
,14-Apr-13,7.873055556,,,,,,,
,14-May-13,11.47805556,,,,,,,
,15-Apr-13,11.25583333,,,,,,,
,15-May-13,17.25388889,,,,,,,
,16-Apr-13,11.09861111,,,,,,,
,16-May-13,13.20583333,,,,,,,
,17-Apr-13,11.87805556,,,,,,,
,17-May-13,15.43666667,,,,,,,
,18-Apr-13,14.93416667,,,,,,,
,18-May-13,16.71722222,,,,,,,
,19-Apr-13,17.86916667,,,,,,,
,19-May-13,17.25833333,,,,,,,
,20-Apr-13,14.49527778,,,,,,,
,20-May-13,10.82861111,,,,,,,
,21-Apr-13,15.215,,,,,,,
,21-May-13,13.58722222,,,,,,,
,22-Apr-13,21.64,,,,,,,
,22-May-13,8.2675,,,,,,,
,23-Apr-13,12.95694444,,,,,,,
,23-May-13,20.76222222,,,,,,,
,24-Apr-13,8.569722222,,,,,,,
,24-May-13,14.78916667,,,,,,,
,25-Apr-13,12.97305556,,,,,,,
,25-May-13,16.74361111,,,,,,,
,26-Apr-13,13.4425,,,,,,,
,26-May-13,15.29944444,,,,,,,
,27-Apr-13,11.74583333,,,,,,,
,27-Mar-13,18.09611111,,,,,,,
,27-May-13,14.58888889,,,,,,,
,28-Apr-13,26.23583333,,,,,,,
,28-Mar-13,15.40611111,,,,,,,
,28-May-13,17.08111111,,,,,,,
,29-Apr-13,17.30416667,,,,,,,
,29-Mar-13,10.30444444,,,,,,,
,29-May-13,11.55222222,,,,,,,
,30-Apr-13,10.15333333,,,,,,,
,30-Mar-13,11.23138889,,,,,,,
,30-May-13,5.075277778,,,,,,,
,31-Mar-13,14.12138889,,,,,,,
,31-May-13,2.088333333,,,,,,,
12,1-Apr-13,6.183055556,,,,,,,
,1-May-13,13.20222222,,,,,,,
,2-Apr-13,14.81166667,,,,,,,
,3-Apr-13,19.54166667,,,,,,,
,4-Apr-13,16.93944444,,,,,,,
,4-May-13,1.009166667,,,,,,,
,5-Apr-13,16.74333333,,,,,,,
,5-May-13,2.095555556,,,,,,,
,6-Apr-13,21.72,,,,,,,
,6-May-13,10.79194444,,,,,,,
,7-Apr-13,8.018611111,,,,,,,
,8-Apr-13,13.29361111,,,,,,,
,9-Apr-13,20.01833333,,,,,,,
,10-Apr-13,9.466944444,,,,,,,
,10-May-13,4.896111111,,,,,,,
,11-Apr-13,17.20277778,,,,,,,
,11-May-13,3.791944444,,,,,,,
,12-Apr-13,14.86638889,,,,,,,
,12-May-13,2.575833333,,,,,,,
,13-Apr-13,1.167777778,,,,,,,
,13-May-13,10.43444444,,,,,,,
,14-Apr-13,14.47083333,,,,,,,
,14-May-13,7.771388889,,,,,,,
,15-Apr-13,12.60388889,,,,,,,
,15-May-13,7.61,,,,,,,
,16-Apr-13,4.098333333,,,,,,,
,16-May-13,9.271666667,,,,,,,
,17-Apr-13,12.47666667,,,,,,,
,17-May-13,10.75944444,,,,,,,
,18-Apr-13,6.564444444,,,,,,,
,18-May-13,13.83861111,,,,,,,
,19-Apr-13,9.328888889,,,,,,,
,19-May-13,12.12611111,,,,,,,
,20-Apr-13,6.7175,,,,,,,
,20-May-13,6.753333333,,,,,,,
,21-Apr-13,1.324722222,,,,,,,
,21-May-13,12.60361111,,,,,,,
,22-Apr-13,9.311111111,,,,,,,
,22-May-13,9.978333333,,,,,,,
,23-Apr-13,9.999722222,,,,,,,
,23-May-13,14.15555556,,,,,,,
,24-Apr-13,1.811666667,,,,,,,
,24-May-13,15.10805556,,,,,,,
,25-Apr-13,9.128888889,,,,,,,
,25-May-13,1.156666667,,,,,,,
,26-Apr-13,9.076111111,,,,,,,
,26-May-13,2.386388889,,,,,,,
,27-Apr-13,7.330555556,,,,,,,
,27-May-13,14.32694444,,,,,,,
,28-Apr-13,29.985,,,,,,,
,28-May-13,8.046388889,,,,,,,
,29-Apr-13,7.321111111,,,,,,,
,29-Mar-13,2.191666667,,,,,,,
,29-May-13,6.633055556,,,,,,,
,30-Apr-13,5.504166667,,,,,,,
,30-Mar-13,1.767777778,,,,,,,
,30-May-13,2.58,,,,,,,
,31-Mar-13,9.848333333,,,,,,,
13,1-Apr-13,19.36833333,,,,,,,
,1-May-13,5.093888889,,,,,,,
,2-Apr-13,15.74916667,,,,,,,
,2-May-13,20.26111111,,,,,,,
,3-Apr-13,12.00722222,,,,,,,
,3-May-13,6.331666667,,,,,,,
,4-Apr-13,13.05333333,,,,,,,
,4-May-13,8.472777778,,,,,,,
,5-Apr-13,12.85583333,,,,,,,
,5-May-13,11.265,,,,,,,
,6-Apr-13,18.44277778,,,,,,,
,6-May-13,10.4325,,,,,,,
,7-Apr-13,16.98444444,,,,,,,
,7-May-13,5.444722222,,,,,,,
,8-Apr-13,9.334444444,,,,,,,
,8-May-13,15.45,,,,,,,
,9-Apr-13,18.61472222,,,,,,,
,9-May-13,21.29027778,,,,,,,
,10-Apr-13,14.5775,,,,,,,
,11-Apr-13,14.77083333,,,,,,,
,12-Apr-13,7.501666667,,,,,,,
,12-May-13,23.3875,,,,,,,
,13-Apr-13,1.025555556,,,,,,,
,13-May-13,12.48583333,,,,,,,
,14-Apr-13,17.51472222,,,,,,,
,14-May-13,8.480833333,,,,,,,
,15-Apr-13,15.69555556,,,,,,,
,15-May-13,7.292222222,,,,,,,
,16-Apr-13,17.5075,,,,,,,
,17-Apr-13,11.33527778,,,,,,,
,18-Apr-13,18.12333333,,,,,,,
,19-Apr-13,17.99944444,,,,,,,
,19-May-13,3.965,,,,,,,
,20-Apr-13,13.0025,,,,,,,
,20-May-13,10.71138889,,,,,,,
,21-Apr-13,11.63361111,,,,,,,
,22-Apr-13,7.582777778,,,,,,,
,22-May-13,10.95277778,,,,,,,
,23-Apr-13,20.75916667,,,,,,,
,24-Apr-13,17.92777778,,,,,,,
,25-Apr-13,5.453611111,,,,,,,
,26-Apr-13,14.17638889,,,,,,,
,26-May-13,5.343888889,,,,,,,
,27-Mar-13,16.6325,,,,,,,
,28-Apr-13,19.74944444,,,,,,,
,28-Mar-13,22.45305556,,,,,,,
,28-May-13,2.033611111,,,,,,,
,29-Apr-13,9.960277778,,,,,,,
,29-Mar-13,14.66,,,,,,,
,29-May-13,6.3275,,,,,,,
,30-Apr-13,2.965555556,,,,,,,
,30-Mar-13,20.36833333,,,,,,,
,31-Mar-13,17.03666667,,,,,,,
14,3-Apr-13,18.95361111,,,,,,,
,5-Apr-13,22.55361111,,,,,,,
,5-May-13,5.359722222,,,,,,,
,6-Apr-13,24.01138889,,,,,,,
,6-May-13,9.901944444,,,,,,,
,7-Apr-13,8.045277778,,,,,,,
,7-May-13,2.852777778,,,,,,,
,8-Apr-13,2.296944444,,,,,,,
,8-May-13,14.74472222,,,,,,,
,9-Apr-13,20.02916667,,,,,,,
,10-Apr-13,1.010277778,,,,,,,
,13-Apr-13,9.275277778,,,,,,,
,13-May-13,13.82861111,,,,,,,
,14-Apr-13,1.674722222,,,,,,,
,15-Apr-13,6.448888889,,,,,,,
,15-May-13,1.464444444,,,,,,,
,17-Apr-13,2.433055556,,,,,,,
,20-Apr-13,4.093055556,,,,,,,
,22-Apr-13,5.363055556,,,,,,,
,27-Mar-13,13.88694444,,,,,,,
,27-May-13,1.394722222,,,,,,,
,28-Apr-13,1.609722222,,,,,,,
,28-Mar-13,4.13,,,,,,,
,28-May-13,1.145,,,,,,,
,29-Apr-13,17.00444444,,,,,,,
,29-Mar-13,22.98138889,,,,,,,
,30-Mar-13,5.489166667,,,,,,,
,30-May-13,1.433055556,,,,,,,
,31-Mar-13,3.772777778,,,,,,,
15,1-Apr-13,16.93916667,,,,,,,
,1-May-13,19.47166667,,,,,,,
,2-Apr-13,5.896944444,,,,,,,
,2-May-13,4.184444444,,,,,,,
,3-Apr-13,3.113333333,,,,,,,
,3-May-13,21.43666667,,,,,,,
,4-Apr-13,5.666944444,,,,,,,
,4-May-13,12.45416667,,,,,,,
,5-Apr-13,6.688055556,,,,,,,
,5-May-13,7.567777778,,,,,,,
,6-Apr-13,3.548888889,,,,,,,
,6-May-13,16.20777778,,,,,,,
,7-Apr-13,3.626388889,,,,,,,
,7-May-13,13.67666667,,,,,,,
,8-Apr-13,14.05833333,,,,,,,
,8-May-13,5.702222222,,,,,,,
,9-Apr-13,6.498333333,,,,,,,
,9-May-13,9.878055556,,,,,,,
,10-Apr-13,17.565,,,,,,,
,10-May-13,5.726666667,,,,,,,
,11-Apr-13,5.4375,,,,,,,
,11-May-13,20.10166667,,,,,,,
,12-Apr-13,18.91416667,,,,,,,
,12-May-13,15.52222222,,,,,,,
,13-Apr-13,5.813333333,,,,,,,
,13-May-13,11.00777778,,,,,,,
,14-Apr-13,14.12694444,,,,,,,
,14-May-13,3.740277778,,,,,,,
,15-Apr-13,14.78638889,,,,,,,
,15-May-13,17.25305556,,,,,,,
,16-Apr-13,7.825277778,,,,,,,
,16-May-13,14.43444444,,,,,,,
,17-Apr-13,17.84027778,,,,,,,
,17-May-13,8.486388889,,,,,,,
,18-Apr-13,17.64888889,,,,,,,
,18-May-13,10.25111111,,,,,,,
,19-Apr-13,17.78833333,,,,,,,
,19-May-13,1.247222222,,,,,,,
,20-Apr-13,15.48277778,,,,,,,
,20-May-13,16.97138889,,,,,,,
,21-Apr-13,17.07333333,,,,,,,
,21-May-13,6.9675,,,,,,,
,22-Apr-13,2.803611111,,,,,,,
,22-May-13,16.88888889,,,,,,,
,23-Apr-13,21.73277778,,,,,,,
,23-May-13,18.245,,,,,,,
,24-Apr-13,6.966388889,,,,,,,
,24-May-13,4.195277778,,,,,,,
,25-Apr-13,1.652777778,,,,,,,
,25-May-13,15.62222222,,,,,,,
,26-Apr-13,13.87305556,,,,,,,
,26-May-13,4.426666667,,,,,,,
,27-Apr-13,5.190833333,,,,,,,
,27-Mar-13,12.79694444,,,,,,,
,27-May-13,21.29694444,,,,,,,
,28-Apr-13,3.376944444,,,,,,,
,28-Mar-13,20.22111111,,,,,,,
,28-May-13,13.78833333,,,,,,,
,29-Apr-13,7.676388889,,,,,,,
,29-Mar-13,13.06916667,,,,,,,
,29-May-13,4.935277778,,,,,,,
,30-Apr-13,14.26222222,,,,,,,
,30-Mar-13,4.759444444,,,,,,,
,31-Mar-13,10.91444444,,,,,,,
16,1-Apr-13,19.4775,,,,,,,
,1-May-13,15.84333333,,,,,,,
,2-Apr-13,25.62777778,,,,,,,
,2-May-13,9.488888889,,,,,,,
,3-Apr-13,17.08083333,,,,,,,
,3-May-13,1.650555556,,,,,,,
,4-Apr-13,22.8175,,,,,,,
,4-May-13,20.32861111,,,,,,,
,5-Apr-13,9.333333333,,,,,,,
,5-May-13,24.15694444,,,,,,,
,6-Apr-13,12.04166667,,,,,,,
,6-May-13,17.91138889,,,,,,,
,7-Apr-13,10.81611111,,,,,,,
,7-May-13,16.365,,,,,,,
,8-Apr-13,11.44972222,,,,,,,
,8-May-13,6.316666667,,,,,,,
,9-Apr-13,12.89027778,,,,,,,
,10-Apr-13,10.77305556,,,,,,,
,11-Apr-13,21.96555556,,,,,,,
,11-May-13,20.66583333,,,,,,,
,12-Apr-13,8.889722222,,,,,,,
,12-May-13,7.964722222,,,,,,,
,13-Apr-13,8.275,,,,,,,
,13-May-13,20.43166667,,,,,,,
,14-Apr-13,16.77944444,,,,,,,
,14-May-13,7.224444444,,,,,,,
,15-Apr-13,14.78083333,,,,,,,
,15-May-13,22.40666667,,,,,,,
,16-Apr-13,19.91083333,,,,,,,
,16-May-13,14.56861111,,,,,,,
,17-Apr-13,7.651111111,,,,,,,
,17-May-13,17.08444444,,,,,,,
,18-Apr-13,15.49722222,,,,,,,
,18-May-13,3.929722222,,,,,,,
,19-Apr-13,11.84055556,,,,,,,
,20-Apr-13,1.254722222,,,,,,,
,20-May-13,22.16888889,,,,,,,
,21-Apr-13,7.87,,,,,,,
,21-May-13,7.51,,,,,,,
,22-Apr-13,16.68305556,,,,,,,
,22-May-13,11.95027778,,,,,,,
,23-Apr-13,10.37833333,,,,,,,
,23-May-13,10.10527778,,,,,,,
,24-Apr-13,9.780833333,,,,,,,
,24-May-13,6.945833333,,,,,,,
,25-Apr-13,18.68277778,,,,,,,
,25-May-13,4.445833333,,,,,,,
,26-Apr-13,20.74138889,,,,,,,
,26-May-13,3.781111111,,,,,,,
,27-Apr-13,5.243055556,,,,,,,
,27-Mar-13,19.69583333,,,,,,,
,27-May-13,5.122222222,,,,,,,
,28-Apr-13,11.7325,,,,,,,
,28-Mar-13,11.04722222,,,,,,,
,28-May-13,11.305,,,,,,,
,29-Apr-13,22.0175,,,,,,,
,29-Mar-13,10.88833333,,,,,,,
,29-May-13,12.42277778,,,,,,,
,30-Apr-13,13.70416667,,,,,,,
,30-Mar-13,17.99722222,,,,,,,
,30-May-13,9.544166667,,,,,,,
,31-Mar-13,22.07,,,,,,,
,31-May-13,5.650277778,,,,,,,
17,1-Apr-13,3.030833333,,,,,,,
,2-Apr-13,7.926944444,,,,,,,
,2-May-13,6.987777778,,,,,,,
,3-Apr-13,20.25777778,,,,,,,
,3-May-13,3.374166667,,,,,,,
,4-Apr-13,11.54138889,,,,,,,
,4-May-13,11.00305556,,,,,,,
,5-Apr-13,7.833333333,,,,,,,
,5-May-13,2.198055556,,,,,,,
,6-Apr-13,5.048055556,,,,,,,
,7-May-13,7.641944444,,,,,,,
,8-Apr-13,16.26638889,,,,,,,
,8-May-13,3.5125,,,,,,,
,9-Apr-13,4.64,,,,,,,
,10-Apr-13,20.72916667,,,,,,,
,11-Apr-13,22.3725,,,,,,,
,12-Apr-13,19.76027778,,,,,,,
,13-Apr-13,7.898055556,,,,,,,
,14-Apr-13,20.27694444,,,,,,,
,15-Apr-13,14.94861111,,,,,,,
,15-May-13,13.32916667,,,,,,,
,16-Apr-13,19.89,,,,,,,
,16-May-13,18.36972222,,,,,,,
,17-Apr-13,22.98194444,,,,,,,
,18-Apr-13,7.828888889,,,,,,,
,19-Apr-13,8.048333333,,,,,,,
,20-Apr-13,14.72888889,,,,,,,
,20-May-13,2.118611111,,,,,,,
,21-Apr-13,13.57361111,,,,,,,
,22-Apr-13,4.464166667,,,,,,,
,23-Apr-13,6.031666667,,,,,,,
,23-May-13,8.151388889,,,,,,,
,24-Apr-13,6.455,,,,,,,
,25-Apr-13,6.849166667,,,,,,,
,25-May-13,17.44777778,,,,,,,
,26-Apr-13,16.01888889,,,,,,,
,26-May-13,11.10138889,,,,,,,
,27-Apr-13,21.67638889,,,,,,,
,27-Mar-13,5.844444444,,,,,,,
,27-May-13,13.04944444,,,,,,,
,28-Apr-13,16.59222222,,,,,,,
,28-Mar-13,21.38,,,,,,,
,28-May-13,2.439166667,,,,,,,
,29-Apr-13,12.67916667,,,,,,,
,29-Mar-13,22.17138889,,,,,,,
,29-May-13,2.740833333,,,,,,,
,30-Apr-13,1.279444444,,,,,,,
,30-Mar-13,12.14138889,,,,,,,
,31-Mar-13,17.21083333,,,,,,,
18,1-Apr-13,13.425,,,,,,,
,1-May-13,17.47694444,,,,,,,
,2-Apr-13,11.43666667,,,,,,,
,2-May-13,15.07111111,,,,,,,
,3-Apr-13,11.915,,,,,,,
,3-May-13,12.67222222,,,,,,,
,4-Apr-13,9.753611111,,,,,,,
,4-May-13,21.43638889,,,,,,,
,5-Apr-13,15.12611111,,,,,,,
,5-May-13,11.01222222,,,,,,,
,6-Apr-13,6.300833333,,,,,,,
,6-May-13,14.98416667,,,,,,,
,7-Apr-13,11.44861111,,,,,,,
,7-May-13,8.905277778,,,,,,,
,8-Apr-13,12.58444444,,,,,,,
,8-May-13,18.46611111,,,,,,,
,9-Apr-13,10.56944444,,,,,,,
,9-May-13,15.57694444,,,,,,,
,10-Apr-13,11.40055556,,,,,,,
,10-May-13,18.41694444,,,,,,,
,11-Apr-13,14.27138889,,,,,,,
,11-May-13,9.724722222,,,,,,,
,12-Apr-13,12.21472222,,,,,,,
,12-May-13,13.84388889,,,,,,,
,13-Apr-13,7.284722222,,,,,,,
,13-May-13,12.78333333,,,,,,,
,14-Apr-13,11.16361111,,,,,,,
,14-May-13,14.66194444,,,,,,,
,15-Apr-13,14.9875,,,,,,,
,15-May-13,12.69666667,,,,,,,
,16-Apr-13,14.84361111,,,,,,,
,16-May-13,10.37027778,,,,,,,
,17-Apr-13,13.21694444,,,,,,,
,17-May-13,8.282222222,,,,,,,
,18-Apr-13,10.26583333,,,,,,,
,18-May-13,20.44555556,,,,,,,
,19-Apr-13,12.7275,,,,,,,
,19-May-13,11.1375,,,,,,,
,20-Apr-13,6.870833333,,,,,,,
,20-May-13,13.68277778,,,,,,,
,21-Apr-13,18.23222222,,,,,,,
,21-May-13,11.01305556,,,,,,,
,22-Apr-13,7.590555556,,,,,,,
,22-May-13,11.3475,,,,,,,
,23-Apr-13,11.84527778,,,,,,,
,23-May-13,12.56027778,,,,,,,
,24-Apr-13,18.94638889,,,,,,,
,24-May-13,16.00666667,,,,,,,
,25-Apr-13,9.015277778,,,,,,,
,25-May-13,13.61361111,,,,,,,
,26-Apr-13,8.0225,,,,,,,
,26-May-13,10.085,,,,,,,
,27-Apr-13,17.99944444,,,,,,,
,27-Mar-13,10.25722222,,,,,,,
,27-May-13,8.739722222,,,,,,,
,28-Apr-13,11.57944444,,,,,,,
,28-Mar-13,8.943333333,,,,,,,
,28-May-13,19.28194444,,,,,,,
,29-Apr-13,11.01833333,,,,,,,
,29-Mar-13,15.11444444,,,,,,,
,29-May-13,2.651666667,,,,,,,
,30-Apr-13,16.46138889,,,,,,,
,30-May-13,4.736944444,,,,,,,
,31-May-13,13.73361111,,,,,,,
19,1-Apr-13,11.08027778,,,,,,,
,2-Apr-13,19.73805556,,,,,,,
,3-Apr-13,10.36472222,,,,,,,
,4-Apr-13,16.54277778,,,,,,,
,4-May-13,3.890833333,,,,,,,
,5-Apr-13,3.215277778,,,,,,,
,5-May-13,3.101111111,,,,,,,
,6-May-13,16.02194444,,,,,,,
,7-Apr-13,5.578055556,,,,,,,
,8-Apr-13,24.34027778,,,,,,,
,9-Apr-13,4.927222222,,,,,,,
,10-Apr-13,7.086111111,,,,,,,
,10-May-13,8.318888889,,,,,,,
,11-Apr-13,6.398333333,,,,,,,
,11-May-13,3.985833333,,,,,,,
,12-Apr-13,17.12888889,,,,,,,
,13-Apr-13,6.191666667,,,,,,,
,13-May-13,4.251111111,,,,,,,
,14-Apr-13,12.19611111,,,,,,,
,14-May-13,22.28722222,,,,,,,
,15-May-13,9.406666667,,,,,,,
,16-May-13,9.346111111,,,,,,,
,17-May-13,9.726944444,,,,,,,
,19-May-13,3.098888889,,,,,,,
,20-Apr-13,6.594166667,,,,,,,
,20-May-13,21.70277778,,,,,,,
,21-Apr-13,11.64111111,,,,,,,
,22-Apr-13,10.09972222,,,,,,,
,23-Apr-13,9.616111111,,,,,,,
,24-Apr-13,4.9875,,,,,,,
,25-Apr-13,22.49388889,,,,,,,
,26-Apr-13,6.249444444,,,,,,,
,27-Apr-13,5.043611111,,,,,,,
,27-Mar-13,3.7525,,,,,,,
,28-Apr-13,7.516944444,,,,,,,
,28-Mar-13,21.04805556,,,,,,,
,29-Apr-13,10.65555556,,,,,,,
,29-Mar-13,2.886111111,,,,,,,
20,1-Apr-13,21.30583333,,,,,,,
,2-Apr-13,4.249166667,,,,,,,
,3-Apr-13,18.64555556,,,,,,,
,3-May-13,1.653888889,,,,,,,
,4-May-13,1.9775,,,,,,,
,5-Apr-13,14.40416667,,,,,,,
,5-May-13,5.7875,,,,,,,
,6-Apr-13,20.83222222,,,,,,,
,6-May-13,17.52361111,,,,,,,
,7-Apr-13,2.005,,,,,,,
,7-May-13,6.199166667,,,,,,,
,8-Apr-13,18.8375,,,,,,,
,8-May-13,20.8575,,,,,,,
,9-Apr-13,1.745277778,,,,,,,
,9-May-13,19.53444444,,,,,,,
,10-Apr-13,16.79861111,,,,,,,
,10-May-13,17.51861111,,,,,,,
,11-Apr-13,14.18722222,,,,,,,
,11-May-13,19.22222222,,,,,,,
,12-Apr-13,15.33222222,,,,,,,
,12-May-13,7.88,,,,,,,
,13-Apr-13,16.59361111,,,,,,,
,13-May-13,21.28222222,,,,,,,
,14-Apr-13,8.112777778,,,,,,,
,14-May-13,12.94388889,,,,,,,
,15-Apr-13,4.583611111,,,,,,,
,15-May-13,7.418611111,,,,,,,
,16-Apr-13,5.910833333,,,,,,,
,16-May-13,12.47055556,,,,,,,
,17-Apr-13,22.61138889,,,,,,,
,17-May-13,10.03777778,,,,,,,
,18-Apr-13,20.48138889,,,,,,,
,18-May-13,3.121944444,,,,,,,
,19-Apr-13,15.80083333,,,,,,,
,19-May-13,2.347777778,,,,,,,
,20-Apr-13,7.688888889,,,,,,,
,20-May-13,3.536944444,,,,,,,
,21-Apr-13,11.43333333,,,,,,,
,21-May-13,8.731388889,,,,,,,
,22-Apr-13,11.89722222,,,,,,,
,22-May-13,9.031111111,,,,,,,
,23-Apr-13,6.455555556,,,,,,,
,23-May-13,17.24,,,,,,,
,24-Apr-13,17.70527778,,,,,,,
,24-May-13,18.17472222,,,,,,,
,25-May-13,4.907777778,,,,,,,
,27-Mar-13,17.60138889,,,,,,,
,27-May-13,15.47638889,,,,,,,
,28-Apr-13,11.92472222,,,,,,,
,28-Mar-13,21.84861111,,,,,,,
,28-May-13,19.66777778,,,,,,,
,29-Mar-13,19.3475,,,,,,,
,30-Mar-13,13.39388889,,,,,,,
,30-May-13,12.08527778,,,,,,,
,31-Mar-13,15.88638889,,,,,,,
,31-May-13,4.090833333,,,,,,,
21,1-Apr-13,13.39416667,,,,,,,
,1-May-13,8.804444444,,,,,,,
,2-Apr-13,8.421944444,,,,,,,
,2-May-13,10.34611111,,,,,,,
,3-Apr-13,6.918611111,,,,,,,
,3-May-13,10.24277778,,,,,,,
,4-Apr-13,14.09722222,,,,,,,
,4-May-13,9.025,,,,,,,
,5-Apr-13,18.21333333,,,,,,,
,5-May-13,8.945277778,,,,,,,
,6-Apr-13,6.723611111,,,,,,,
,6-May-13,9.398611111,,,,,,,
,7-Apr-13,10.20083333,,,,,,,
,7-May-13,11.1675,,,,,,,
,8-Apr-13,16.15916667,,,,,,,
,8-May-13,11.48722222,,,,,,,
,9-Apr-13,11.82833333,,,,,,,
,9-May-13,8.539444444,,,,,,,
,10-Apr-13,10.53555556,,,,,,,
,10-May-13,7.9575,,,,,,,
,11-Apr-13,7.74,,,,,,,
,11-May-13,10.52277778,,,,,,,
,12-Apr-13,7.125555556,,,,,,,
,12-May-13,20.16472222,,,,,,,
,13-Apr-13,9.335,,,,,,,
,13-May-13,8.975,,,,,,,
,14-Apr-13,13.19527778,,,,,,,
,14-May-13,14.01805556,,,,,,,
,15-Apr-13,6.236388889,,,,,,,
,15-May-13,7.021666667,,,,,,,
,16-Apr-13,9.768055556,,,,,,,
,16-May-13,11.85666667,,,,,,,
,17-Apr-13,17.73861111,,,,,,,
,17-May-13,13.20916667,,,,,,,
,18-Apr-13,12.2375,,,,,,,
,18-May-13,17.10638889,,,,,,,
,19-Apr-13,7.860833333,,,,,,,
,19-May-13,12.88277778,,,,,,,
,20-Apr-13,17.02055556,,,,,,,
,20-May-13,8.606666667,,,,,,,
,21-Apr-13,6.558611111,,,,,,,
,21-May-13,9.467777778,,,,,,,
,22-Apr-13,9.448888889,,,,,,,
,22-May-13,7.444722222,,,,,,,
,23-Apr-13,14.08611111,,,,,,,
,23-May-13,9.681666667,,,,,,,
,24-Apr-13,8.396111111,,,,,,,
,25-Apr-13,10.30055556,,,,,,,
,26-Apr-13,7.473888889,,,,,,,
,27-Apr-13,10.31833333,,,,,,,
,28-Apr-13,8.624166667,,,,,,,
,28-Mar-13,12.91722222,,,,,,,
,29-Apr-13,9.477777778,,,,,,,
,29-Mar-13,12.70694444,,,,,,,
,30-Apr-13,12.55444444,,,,,,,
,30-Mar-13,14.46583333,,,,,,,
,31-Mar-13,9.864444444,,,,,,,
22,1-Apr-13,22.58472222,,,,,,,
,2-Apr-13,18.00555556,,,,,,,
,3-Apr-13,20.58527778,,,,,,,
,4-Apr-13,5.523888889,,,,,,,
,5-Apr-13,27.40111111,,,,,,,
,8-Apr-13,17.49277778,,,,,,,
,9-Apr-13,11.51194444,,,,,,,
,10-Apr-13,1.4725,,,,,,,
,11-Apr-13,11.14083333,,,,,,,
,12-Apr-13,14.16027778,,,,,,,
,13-Apr-13,13.39277778,,,,,,,
,14-Apr-13,10.22638889,,,,,,,
,15-Apr-13,15.47305556,,,,,,,
,16-Apr-13,14.115,,,,,,,
,17-Apr-13,8.780277778,,,,,,,
,18-Apr-13,16.93777778,,,,,,,
,19-Apr-13,13.45722222,,,,,,,
,20-Apr-13,1,,,,,,,
,21-Apr-13,14.00277778,,,,,,,
,22-Apr-13,9.995,,,,,,,
,23-Apr-13,7.928055556,,,,,,,
,24-Apr-13,17.9625,,,,,,,
,25-Apr-13,11.20833333,,,,,,,
,26-Apr-13,9.974166667,,,,,,,
,27-Apr-13,13.54166667,,,,,,,
,27-Mar-13,1.313333333,,,,,,,
,28-Mar-13,5.455,,,,,,,
,29-Mar-13,14.98722222,,,,,,,
,30-Mar-13,21.94361111,,,,,,,
,31-Mar-13,17.92166667,,,,,,,
23,1-Apr-13,18.04083333,,,,,,,
,2-Apr-13,23.04666667,,,,,,,
,3-Apr-13,11.27805556,,,,,,,
,3-May-13,1.783611111,,,,,,,
,4-Apr-13,9.561944444,,,,,,,
,5-Apr-13,12.565,,,,,,,
,6-Apr-13,2.440277778,,,,,,,
,7-Apr-13,2.689722222,,,,,,,
,8-Apr-13,7.093333333,,,,,,,
,9-Apr-13,17.28638889,,,,,,,
,10-Apr-13,13.19388889,,,,,,,
,11-Apr-13,12.06416667,,,,,,,
,12-Apr-13,4.442222222,,,,,,,
,13-Apr-13,6.834444444,,,,,,,
,14-Apr-13,3.703333333,,,,,,,
,15-Apr-13,4.328888889,,,,,,,
,16-Apr-13,5.145833333,,,,,,,
,18-Apr-13,21.52027778,,,,,,,
,19-Apr-13,9.046944444,,,,,,,
,20-Apr-13,13.09861111,,,,,,,
,21-Apr-13,22.63861111,,,,,,,
,22-Apr-13,19.45083333,,,,,,,
,23-Apr-13,11.20916667,,,,,,,
,25-May-13,4.643055556,,,,,,,
,26-Apr-13,11.16444444,,,,,,,
,27-Mar-13,5.109166667,,,,,,,
,27-May-13,1.250833333,,,,,,,
,28-Mar-13,7.813333333,,,,,,,
,28-May-13,9.159722222,,,,,,,
,29-Apr-13,8.610277778,,,,,,,
,29-Mar-13,9.445277778,,,,,,,
,29-May-13,1.350833333,,,,,,,
,30-Mar-13,19.60722222,,,,,,,
,31-Mar-13,16.28,,,,,,,
24,1-Apr-13,10.02944444,,,,,,,
,1-May-13,13.45,,,,,,,
,2-Apr-13,13.59888889,,,,,,,
,2-May-13,12.01333333,,,,,,,
,3-Apr-13,8.318611111,,,,,,,
,3-May-13,6.449444444,,,,,,,
,4-Apr-13,5.936388889,,,,,,,
,4-May-13,2.696944444,,,,,,,
,5-Apr-13,8.445555556,,,,,,,
,5-May-13,6.935833333,,,,,,,
,6-Apr-13,14.16277778,,,,,,,
,6-May-13,4.940277778,,,,,,,
,7-Apr-13,8.318333333,,,,,,,
,7-May-13,9.948888889,,,,,,,
,8-Apr-13,5.151111111,,,,,,,
,8-May-13,9.414722222,,,,,,,
,9-May-13,13.43638889,,,,,,,
,10-Apr-13,10.15,,,,,,,
,10-May-13,7.303611111,,,,,,,
,11-Apr-13,4.829444444,,,,,,,
,11-May-13,9.729722222,,,,,,,
,12-Apr-13,15.35666667,,,,,,,
,12-May-13,12.29111111,,,,,,,
,13-Apr-13,6.519166667,,,,,,,
,13-May-13,7.359166667,,,,,,,
,14-Apr-13,2.4925,,,,,,,
,15-Apr-13,6.549444444,,,,,,,
,15-May-13,14.92944444,,,,,,,
,16-Apr-13,12.08083333,,,,,,,
,16-May-13,2.662777778,,,,,,,
,17-Apr-13,9.370277778,,,,,,,
,18-Apr-13,13.91166667,,,,,,,
,19-Apr-13,9.777777778,,,,,,,
,19-May-13,10.17944444,,,,,,,
,20-Apr-13,2.342222222,,,,,,,
,20-May-13,8.8825,,,,,,,
,21-Apr-13,5.622777778,,,,,,,
,21-May-13,8.182222222,,,,,,,
,22-Apr-13,6.252222222,,,,,,,
,22-May-13,8.455555556,,,,,,,
,24-Apr-13,2.2375,,,,,,,
,24-May-13,8.275,,,,,,,
,25-Apr-13,6.228888889,,,,,,,
,25-May-13,1.078333333,,,,,,,
,26-Apr-13,10.67166667,,,,,,,
,26-May-13,8.916666667,,,,,,,
,27-Apr-13,4.255277778,,,,,,,
,27-Mar-13,2.476666667,,,,,,,
,27-May-13,1.284722222,,,,,,,
,28-Mar-13,3.498888889,,,,,,,
,28-May-13,8.976666667,,,,,,,
,29-Apr-13,2.973055556,,,,,,,
,29-Mar-13,16.58305556,,,,,,,
,29-May-13,10.28666667,,,,,,,
,30-Apr-13,1.739444444,,,,,,,
,30-Mar-13,2.76,,,,,,,
,30-May-13,1.135833333,,,,,,,
,31-Mar-13,3.372777778,,,,,,,
,31-May-13,5.473888889,,,,,,,
25,1-Apr-13,16.72444444,,,,,,,
,1-Jun-13,1.490555556,,,,,,,
,1-May-13,15.83722222,,,,,,,
,2-Apr-13,17.86944444,,,,,,,
,2-May-13,2.082222222,,,,,,,
,3-Apr-13,20.16555556,,,,,,,
,3-May-13,21.13611111,,,,,,,
,4-Apr-13,21.67777778,,,,,,,
,5-Apr-13,20.27361111,,,,,,,
,5-May-13,4.562777778,,,,,,,
,6-Apr-13,18.55666667,,,,,,,
,6-May-13,5.347222222,,,,,,,
,7-Apr-13,26.43166667,,,,,,,
,7-May-13,15.68,,,,,,,
,8-Apr-13,15.56166667,,,,,,,
,8-May-13,9.135,,,,,,,
,9-Apr-13,18.43055556,,,,,,,
,9-May-13,3.201944444,,,,,,,
,10-Apr-13,18.18138889,,,,,,,
,10-May-13,13.98111111,,,,,,,
,11-Apr-13,16.20722222,,,,,,,
,11-May-13,5.97,,,,,,,
,12-Apr-13,18.31833333,,,,,,,
,12-May-13,10.29416667,,,,,,,
,13-Apr-13,23.10222222,,,,,,,
,13-May-13,21.95805556,,,,,,,
,14-Apr-13,18.78138889,,,,,,,
,14-May-13,7.993611111,,,,,,,
,15-Apr-13,16.77638889,,,,,,,
,15-May-13,18.25861111,,,,,,,
,16-Apr-13,16.27777778,,,,,,,
,17-Apr-13,24.04944444,,,,,,,
,18-Apr-13,24.43611111,,,,,,,
,19-Apr-13,17.81694444,,,,,,,
,20-Apr-13,22.21166667,,,,,,,
,20-May-13,2.484444444,,,,,,,
,21-Apr-13,19.30527778,,,,,,,
,21-May-13,10.10833333,,,,,,,
,22-Apr-13,15.91833333,,,,,,,
,22-May-13,4.0625,,,,,,,
,23-Apr-13,5.698888889,,,,,,,
,23-May-13,20.955,,,,,,,
,24-Apr-13,16.93527778,,,,,,,
,24-May-13,7.128888889,,,,,,,
,25-Apr-13,4.203333333,,,,,,,
,25-May-13,12.76611111,,,,,,,
,26-Apr-13,8.864166667,,,,,,,
,26-May-13,18.74305556,,,,,,,
,27-Apr-13,23.40055556,,,,,,,
,27-Mar-13,1.178611111,,,,,,,
,28-Apr-13,19.41388889,,,,,,,
,28-Mar-13,13.71333333,,,,,,,
,28-May-13,15.58611111,,,,,,,
,29-Apr-13,14.24972222,,,,,,,
,29-Mar-13,9.455277778,,,,,,,
,29-May-13,5.847222222,,,,,,,
,30-Apr-13,10.21888889,,,,,,,
,30-Mar-13,16.80611111,,,,,,,
,30-May-13,15.3425,,,,,,,
,31-Mar-13,16.28666667,,,,,,,
,31-May-13,23.47277778,,,,,,,
26,1-Apr-13,8.614444444,,,,,,,
,1-May-13,9.128611111,,,,,,,
,2-Apr-13,3.380555556,,,,,,,
,2-May-13,10.55277778,,,,,,,
,3-Apr-13,11.51111111,,,,,,,
,3-May-13,4.869444444,,,,,,,
,4-Apr-13,2.468611111,,,,,,,
,4-May-13,18.21972222,,,,,,,
,5-Apr-13,6.8,,,,,,,
,5-May-13,13.46805556,,,,,,,
,6-Apr-13,10.01861111,,,,,,,
,6-May-13,10.08833333,,,,,,,
,7-Apr-13,2.445277778,,,,,,,
,7-May-13,1.209722222,,,,,,,
,8-Apr-13,5.681388889,,,,,,,
,8-May-13,11.15805556,,,,,,,
,9-Apr-13,2.600555556,,,,,,,
,9-May-13,1.725555556,,,,,,,
,10-Apr-13,4.539166667,,,,,,,
,10-May-13,5.351944444,,,,,,,
,11-Apr-13,4.738333333,,,,,,,
,11-May-13,17.44027778,,,,,,,
,12-Apr-13,4.220277778,,,,,,,
,12-May-13,5.544166667,,,,,,,
,13-Apr-13,12.38916667,,,,,,,
,13-May-13,2.721388889,,,,,,,
,14-Apr-13,6.879444444,,,,,,,
,15-Apr-13,3.768333333,,,,,,,
,15-May-13,9.753333333,,,,,,,
,16-Apr-13,7.101666667,,,,,,,
,16-May-13,1.961388889,,,,,,,
,17-Apr-13,2.858055556,,,,,,,
,17-May-13,10.12277778,,,,,,,
,18-Apr-13,5.167222222,,,,,,,
,18-May-13,13.85388889,,,,,,,
,19-Apr-13,3.733333333,,,,,,,
,19-May-13,15.94916667,,,,,,,
,20-Apr-13,1.95,,,,,,,
,20-May-13,11.81166667,,,,,,,
,21-Apr-13,4.436388889,,,,,,,
,21-May-13,8.467222222,,,,,,,
,22-Apr-13,4.705277778,,,,,,,
,22-May-13,7.046111111,,,,,,,
,23-Apr-13,5.295555556,,,,,,,
,23-May-13,8.567222222,,,,,,,
,24-Apr-13,13.74888889,,,,,,,
,25-Apr-13,4.094444444,,,,,,,
,25-May-13,6.5975,,,,,,,
,26-Apr-13,7.767222222,,,,,,,
,26-May-13,11.745,,,,,,,
,27-Apr-13,12.45277778,,,,,,,
,27-Mar-13,2.308333333,,,,,,,
,27-May-13,3.1725,,,,,,,
,28-Apr-13,11.98361111,,,,,,,
,28-Mar-13,7.326388889,,,,,,,
,28-May-13,2.790277778,,,,,,,
,29-Apr-13,4.100277778,,,,,,,
,29-Mar-13,10.30888889,,,,,,,
,29-May-13,1.390277778,,,,,,,
,30-Apr-13,3.930277778,,,,,,,
,30-Mar-13,3.5,,,,,,,
,30-May-13,10.41777778,,,,,,,
,31-Mar-13,7.139444444,,,,,,,
,31-May-13,1.782222222,,,,,,,
27,1-Apr-13,16.19666667,,,,,,,
,1-May-13,16.31527778,,,,,,,
,2-Apr-13,3.583611111,,,,,,,
,2-May-13,8.857222222,,,,,,,
,3-Apr-13,17.59611111,,,,,,,
,3-May-13,18.31972222,,,,,,,
,4-Apr-13,19.25194444,,,,,,,
,5-Apr-13,14.91888889,,,,,,,
,6-Apr-13,6.996944444,,,,,,,
,6-May-13,16.10361111,,,,,,,
,7-Apr-13,7.001388889,,,,,,,
,7-May-13,15.49444444,,,,,,,
,8-Apr-13,20.08194444,,,,,,,
,8-May-13,25.38277778,,,,,,,
,9-Apr-13,10.84027778,,,,,,,
,9-May-13,18.54166667,,,,,,,
,10-Apr-13,15.55027778,,,,,,,
,10-May-13,27.87833333,,,,,,,
,11-Apr-13,24.85083333,,,,,,,
,11-May-13,13.22388889,,,,,,,
,12-Apr-13,14.70166667,,,,,,,
,13-Apr-13,14.82472222,,,,,,,
,13-May-13,7.420833333,,,,,,,
,14-May-13,11.23416667,,,,,,,
,15-May-13,10.39527778,,,,,,,
,16-May-13,10.66805556,,,,,,,
,17-Apr-13,3.846666667,,,,,,,
,17-May-13,21.60638889,,,,,,,
,18-Apr-13,20.92166667,,,,,,,
,19-Apr-13,20.28833333,,,,,,,
,19-May-13,16.79416667,,,,,,,
,20-Apr-13,17.60861111,,,,,,,
,20-May-13,8.699166667,,,,,,,
,21-Apr-13,15.285,,,,,,,
,21-May-13,17.01111111,,,,,,,
,22-Apr-13,13.63472222,,,,,,,
,22-May-13,15.85944444,,,,,,,
,23-Apr-13,21.59166667,,,,,,,
,23-May-13,19.33694444,,,,,,,
,24-Apr-13,10.43222222,,,,,,,
,25-Apr-13,18.15722222,,,,,,,
,25-May-13,2.8525,,,,,,,
,26-Apr-13,8.871666667,,,,,,,
,26-May-13,6.343333333,,,,,,,
,27-Apr-13,20.03527778,,,,,,,
,27-Mar-13,1.024722222,,,,,,,
,27-May-13,1.468888889,,,,,,,
,28-Apr-13,1.296666667,,,,,,,
,28-Mar-13,23.46083333,,,,,,,
,28-May-13,3.781111111,,,,,,,
,29-Apr-13,11.04805556,,,,,,,
,29-Mar-13,15.77194444,,,,,,,
,29-May-13,8.9075,,,,,,,
,30-Apr-13,14.81166667,,,,,,,
,30-Mar-13,24.14138889,,,,,,,
,30-May-13,3.032222222,,,,,,,
,31-Mar-13,11.47861111,,,,,,,
,31-May-13,24.55583333,,,,,,,
28,1-Apr-13,12.74888889,,,,,,,
,1-May-13,8.167222222,,,,,,,
,2-Apr-13,15.37527778,,,,,,,
,2-May-13,10.17944444,,,,,,,
,3-Apr-13,11.37194444,,,,,,,
,3-May-13,10.05194444,,,,,,,
,4-Apr-13,11.39611111,,,,,,,
,4-May-13,9.668611111,,,,,,,
,5-Apr-13,12.4275,,,,,,,
,5-May-13,11.315,,,,,,,
,6-Apr-13,2.378333333,,,,,,,
,6-May-13,13.20583333,,,,,,,
,7-Apr-13,8.0975,,,,,,,
,7-May-13,10.41666667,,,,,,,
,8-Apr-13,10.81222222,,,,,,,
,8-May-13,11.52416667,,,,,,,
,9-Apr-13,12.84333333,,,,,,,
,9-May-13,6.674444444,,,,,,,
,10-Apr-13,3.483055556,,,,,,,
,10-May-13,11.4975,,,,,,,
,11-Apr-13,12.67277778,,,,,,,
,11-May-13,16.24527778,,,,,,,
,12-Apr-13,10.94,,,,,,,
,12-May-13,20.69833333,,,,,,,
,13-Apr-13,13.07694444,,,,,,,
,13-May-13,15.88138889,,,,,,,
,14-Apr-13,10.7175,,,,,,,
,14-May-13,19.22777778,,,,,,,
,15-Apr-13,3.516111111,,,,,,,
,15-May-13,13.0725,,,,,,,
,16-Apr-13,2.850555556,,,,,,,
,16-May-13,13.53055556,,,,,,,
,17-Apr-13,9.118333333,,,,,,,
,17-May-13,6.285833333,,,,,,,
,18-Apr-13,13.38333333,,,,,,,
,18-May-13,4.225,,,,,,,
,19-Apr-13,6.194722222,,,,,,,
,20-Apr-13,3.99,,,,,,,
,21-Apr-13,14.40944444,,,,,,,
,22-Apr-13,6.633888889,,,,,,,
,23-Apr-13,2.934444444,,,,,,,
,24-Apr-13,9.770277778,,,,,,,
,25-Apr-13,10.42388889,,,,,,,
,26-Apr-13,5.270833333,,,,,,,
,27-Apr-13,7.678333333,,,,,,,
,28-Apr-13,7.076666667,,,,,,,
,28-Mar-13,8.210555556,,,,,,,
,29-Apr-13,13.895,,,,,,,
,29-Mar-13,9.108055556,,,,,,,
,30-Apr-13,5.205,,,,,,,
,30-Mar-13,21.05083333,,,,,,,
,30-May-13,2.1725,,,,,,,
,31-Mar-13,11.5275,,,,,,,
29,1-Apr-13,13.70444444,,,,,,,
,2-Apr-13,10.35361111,,,,,,,
,3-Apr-13,17.49472222,,,,,,,
,4-Apr-13,6.357222222,,,,,,,
,5-Apr-13,3.703888889,,,,,,,
,6-Apr-13,11.97194444,,,,,,,
,8-May-13,4.198333333,,,,,,,
,9-Apr-13,10.395,,,,,,,
,10-May-13,1.374444444,,,,,,,
,12-May-13,1.187777778,,,,,,,
,13-May-13,14.81777778,,,,,,,
,14-May-13,3.998611111,,,,,,,
,15-Apr-13,1.404444444,,,,,,,
,16-Apr-13,4.718611111,,,,,,,
,19-Apr-13,4.400833333,,,,,,,
,19-May-13,2.272222222,,,,,,,
,27-Mar-13,1.344166667,,,,,,,
,27-May-13,4.143055556,,,,,,,
,28-Mar-13,12.29611111,,,,,,,
,29-Apr-13,1.228055556,,,,,,,
,31-Mar-13,13.50638889,,,,,,,
30,1-Apr-13,13.86416667,,,,,,,
,2-Apr-13,22.77027778,,,,,,,
,2-May-13,4.691944444,,,,,,,
,3-Apr-13,19.48638889,,,,,,,
,4-Apr-13,15.795,,,,,,,
,4-May-13,1.216666667,,,,,,,
,5-Apr-13,20.98944444,,,,,,,
,5-May-13,3.209444444,,,,,,,
,6-Apr-13,8.126944444,,,,,,,
,6-May-13,11.19305556,,,,,,,
,7-May-13,1.688055556,,,,,,,
,8-Apr-13,5.451111111,,,,,,,
,9-Apr-13,13.74166667,,,,,,,
,10-Apr-13,6.038055556,,,,,,,
,10-May-13,9.941944444,,,,,,,
,11-Apr-13,18.21361111,,,,,,,
,11-May-13,1.064722222,,,,,,,
,12-Apr-13,4.450833333,,,,,,,
,12-May-13,5.113333333,,,,,,,
,13-Apr-13,1.691944444,,,,,,,
,13-May-13,8.362777778,,,,,,,
,15-Apr-13,4.302777778,,,,,,,
,15-May-13,5.829722222,,,,,,,
,16-Apr-13,1.490277778,,,,,,,
,17-Apr-13,8.503888889,,,,,,,
,18-Apr-13,9.740555556,,,,,,,
,19-Apr-13,13.21888889,,,,,,,
,19-May-13,3.601388889,,,,,,,
,20-Apr-13,1.037777778,,,,,,,
,21-Apr-13,12.64944444,,,,,,,
,23-Apr-13,11.40583333,,,,,,,
,24-Apr-13,8.114444444,,,,,,,
,24-May-13,3.363055556,,,,,,,
,26-May-13,5.326111111,,,,,,,
,27-Apr-13,1.065555556,,,,,,,
,27-May-13,12.42972222,,,,,,,
,28-Mar-13,6.4775,,,,,,,
,29-Apr-13,8.714444444,,,,,,,
,29-Mar-13,23.68972222,,,,,,,
,29-May-13,1.214722222,,,,,,,
,30-Apr-13,3.179166667,,,,,,,
,30-Mar-13,10.75472222,,,,,,,
,31-Mar-13,9.315277778,,,,,,,
,31-May-13,1.837222222,,,,,,,
31,1-Apr-13,9.390277778,,,,,,,
,1-Jun-13,1.348611111,,,,,,,
,1-May-13,10.44722222,,,,,,,
,2-Apr-13,13.41861111,,,,,,,
,2-May-13,11.70083333,,,,,,,
,3-Apr-13,13.13861111,,,,,,,
,3-May-13,12.47694444,,,,,,,
,4-Apr-13,12.09861111,,,,,,,
,4-May-13,1.147777778,,,,,,,
,5-Apr-13,14.70638889,,,,,,,
,5-May-13,9.880277778,,,,,,,
,6-Apr-13,16.435,,,,,,,
,6-May-13,14.40416667,,,,,,,
,7-Apr-13,12.82972222,,,,,,,
,7-May-13,14.87416667,,,,,,,
,8-Apr-13,18.32972222,,,,,,,
,8-May-13,14.87138889,,,,,,,
,9-Apr-13,14.72305556,,,,,,,
,9-May-13,15.66444444,,,,,,,
,10-Apr-13,12.13166667,,,,,,,
,10-May-13,17.80527778,,,,,,,
,11-Apr-13,16.23972222,,,,,,,
,11-May-13,13.98,,,,,,,
,12-Apr-13,14.42833333,,,,,,,
,12-May-13,16.25138889,,,,,,,
,13-Apr-13,17.8025,,,,,,,
,13-May-13,14.85916667,,,,,,,
,14-Apr-13,11.18527778,,,,,,,
,14-May-13,14.43388889,,,,,,,
,15-Apr-13,17.52527778,,,,,,,
,15-May-13,15.12888889,,,,,,,
,16-Apr-13,14.49694444,,,,,,,
,16-May-13,10.87222222,,,,,,,
,17-Apr-13,15.655,,,,,,,
,17-May-13,15.51861111,,,,,,,
,18-Apr-13,16.06888889,,,,,,,
,18-May-13,11.91555556,,,,,,,
,19-Apr-13,6.939166667,,,,,,,
,19-May-13,17.20111111,,,,,,,
,20-Apr-13,19.18027778,,,,,,,
,20-May-13,17.99138889,,,,,,,
,21-Apr-13,12.90611111,,,,,,,
,21-May-13,17.87222222,,,,,,,
,22-Apr-13,7.210555556,,,,,,,
,22-May-13,7.651388889,,,,,,,
,23-Apr-13,11.96527778,,,,,,,
,23-May-13,21.06777778,,,,,,,
,24-Apr-13,9.621111111,,,,,,,
,24-May-13,15.36,,,,,,,
,25-Apr-13,13.69222222,,,,,,,
,25-May-13,16.12583333,,,,,,,
,26-Apr-13,5.096944444,,,,,,,
,26-May-13,15.82527778,,,,,,,
,27-Apr-13,13.35972222,,,,,,,
,27-May-13,13.20916667,,,,,,,
,28-Apr-13,19.31111111,,,,,,,
,28-Mar-13,5.875833333,,,,,,,
,28-May-13,11.5875,,,,,,,
,29-Apr-13,17.81138889,,,,,,,
,29-Mar-13,14.48833333,,,,,,,
,29-May-13,12.72916667,,,,,,,
,30-Apr-13,15.03333333,,,,,,,
,30-Mar-13,12.56666667,,,,,,,
,30-May-13,18.57972222,,,,,,,
,31-Mar-13,13.74861111,,,,,,,
,31-May-13,14.66,,,,,,,
32,2-Apr-13,10.11333333,,,,,,,
,3-Apr-13,1.522777778,,,,,,,
,13-Apr-13,1.139444444,,,,,,,
,15-Apr-13,9.603055556,,,,,,,
,17-Apr-13,1.436944444,,,,,,,
,24-Apr-13,8.997777778,,,,,,,
,25-Apr-13,1.206111111,,,,,,,
,28-Mar-13,4.405277778,,,,,,,
33,1-Apr-13,22.54694444,,,,,,,
,2-Apr-13,2.831388889,,,,,,,
,3-Apr-13,7.552777778,,,,,,,
,4-Apr-13,18.32111111,,,,,,,
,5-Apr-13,10.72333333,,,,,,,
,9-Apr-13,11.18861111,,,,,,,
,10-Apr-13,8.763888889,,,,,,,
,10-May-13,2.311944444,,,,,,,
,11-Apr-13,14.74472222,,,,,,,
,12-Apr-13,22.01888889,,,,,,,
,12-May-13,10.74833333,,,,,,,
,13-May-13,18.62222222,,,,,,,
,14-May-13,2.446666667,,,,,,,
,15-Apr-13,10.69027778,,,,,,,
,19-Apr-13,8.763611111,,,,,,,
,20-Apr-13,7.440555556,,,,,,,
,20-May-13,3.7375,,,,,,,
,21-Apr-13,1.675555556,,,,,,,
,21-May-13,4.299166667,,,,,,,
,22-Apr-13,4.716666667,,,,,,,
,24-May-13,2.511111111,,,,,,,
,26-Apr-13,11.10444444,,,,,,,
,28-May-13,17.45888889,,,,,,,
,29-Apr-13,10.57722222,,,,,,,
,29-Mar-13,18.32138889,,,,,,,
,29-May-13,3.618333333,,,,,,,
,30-Apr-13,7.848611111,,,,,,,
,30-Mar-13,1.126388889,,,,,,,
,31-Mar-13,2.411944444,,,,,,,
34,1-Apr-13,1.996666667,,,,,,,
,1-May-13,4.049444444,,,,,,,
,2-Apr-13,19.335,,,,,,,
,2-May-13,5.1225,,,,,,,
,3-Apr-13,19.36777778,,,,,,,
,4-Apr-13,8.591666667,,,,,,,
,4-May-13,5.880833333,,,,,,,
,5-Apr-13,17.67222222,,,,,,,
,5-May-13,8.826111111,,,,,,,
,6-Apr-13,18.71277778,,,,,,,
,6-May-13,1.008888889,,,,,,,
,7-Apr-13,3.217777778,,,,,,,
,7-May-13,3.411111111,,,,,,,
,8-Apr-13,17.95361111,,,,,,,
,8-May-13,9.643055556,,,,,,,
,9-Apr-13,2.075555556,,,,,,,
,9-May-13,2.561388889,,,,,,,
,10-Apr-13,9.626111111,,,,,,,
,11-Apr-13,8.348888889,,,,,,,
,11-May-13,1.892777778,,,,,,,
,12-Apr-13,3.4875,,,,,,,
,12-May-13,1.494722222,,,,,,,
,13-Apr-13,6.552222222,,,,,,,
,13-May-13,9.994166667,,,,,,,
,14-Apr-13,1.764444444,,,,,,,
,14-May-13,27.92972222,,,,,,,
,15-Apr-13,5.883611111,,,,,,,
,15-May-13,8.918333333,,,,,,,
,17-Apr-13,7.329166667,,,,,,,
,18-Apr-13,8.463888889,,,,,,,
,19-Apr-13,7.219444444,,,,,,,
,19-May-13,14.83944444,,,,,,,
,21-Apr-13,17.3725,,,,,,,
,21-May-13,8.858333333,,,,,,,
,22-Apr-13,3.493055556,,,,,,,
,23-Apr-13,5.884722222,,,,,,,
,26-Apr-13,7.146111111,,,,,,,
,27-Apr-13,2.800277778,,,,,,,
,28-Apr-13,1.805833333,,,,,,,
,29-Apr-13,6.239166667,,,,,,,
,30-Apr-13,2.421111111,,,,,,,
35,1-Apr-13,2.611388889,,,,,,,
,1-May-13,12.89805556,,,,,,,
,2-Apr-13,13.32888889,,,,,,,
,2-May-13,20.64027778,,,,,,,
,3-Apr-13,6.926944444,,,,,,,
,3-May-13,10.96861111,,,,,,,
,4-Apr-13,10.57833333,,,,,,,
,4-May-13,2.526388889,,,,,,,
,5-Apr-13,11.45861111,,,,,,,
,6-Apr-13,20.23388889,,,,,,,
,7-Apr-13,19.28638889,,,,,,,
,7-May-13,24.61166667,,,,,,,
,8-Apr-13,15.37555556,,,,,,,
,8-May-13,8.072777778,,,,,,,
,9-Apr-13,17.31916667,,,,,,,
,9-May-13,1.184722222,,,,,,,
,10-Apr-13,16.4975,,,,,,,
,10-May-13,12.67222222,,,,,,,
,11-Apr-13,14.42638889,,,,,,,
,12-Apr-13,2.394166667,,,,,,,
,13-Apr-13,8.742777778,,,,,,,
,13-May-13,17.35,,,,,,,
,14-Apr-13,15.07888889,,,,,,,
,15-Apr-13,3.706666667,,,,,,,
,15-May-13,6.386111111,,,,,,,
,16-Apr-13,14.57388889,,,,,,,
,17-Apr-13,16.37527778,,,,,,,
,18-Apr-13,7.667222222,,,,,,,
,19-Apr-13,5.249444444,,,,,,,
,19-May-13,2.961666667,,,,,,,
,20-Apr-13,7.350277778,,,,,,,
,20-May-13,9.574444444,,,,,,,
,21-Apr-13,18.98944444,,,,,,,
,21-May-13,12.9675,,,,,,,
,22-Apr-13,4.827777778,,,,,,,
,23-Apr-13,15.82777778,,,,,,,
,23-May-13,2.809166667,,,,,,,
,24-Apr-13,4.813611111,,,,,,,
,24-May-13,15.07916667,,,,,,,
,25-Apr-13,19.09388889,,,,,,,
,25-May-13,9.138611111,,,,,,,
,26-Apr-13,16.6725,,,,,,,
,26-May-13,6.102777778,,,,,,,
,27-Apr-13,17.10833333,,,,,,,
,27-May-13,16.31888889,,,,,,,
,28-Apr-13,6.398888889,,,,,,,
,28-May-13,5.754722222,,,,,,,
,29-Apr-13,9.523888889,,,,,,,
,29-May-13,2.815,,,,,,,
,30-Apr-13,12.78,,,,,,,
36,1-Apr-13,4.4075,,,,,,,
,1-May-13,12.06083333,,,,,,,
,2-May-13,14.27666667,,,,,,,
,3-Apr-13,15.18972222,,,,,,,
,3-May-13,16.52555556,,,,,,,
,4-Apr-13,13.385,,,,,,,
,4-May-13,5.569722222,,,,,,,
,5-Apr-13,12.1375,,,,,,,
,5-May-13,8.9025,,,,,,,
,6-Apr-13,11.58638889,,,,,,,
,6-May-13,4.972222222,,,,,,,
,7-Apr-13,17.24444444,,,,,,,
,7-May-13,6.24,,,,,,,
,8-Apr-13,15.00111111,,,,,,,
,8-May-13,6.245,,,,,,,
,9-Apr-13,12.99833333,,,,,,,
,9-May-13,13.21472222,,,,,,,
,10-Apr-13,14.78444444,,,,,,,
,10-May-13,1.885277778,,,,,,,
,11-Apr-13,23.22722222,,,,,,,
,12-Apr-13,19.29166667,,,,,,,
,12-May-13,11.27722222,,,,,,,
,13-Apr-13,20.25111111,,,,,,,
,13-May-13,10.41583333,,,,,,,
,14-Apr-13,3.98,,,,,,,
,14-May-13,7.0525,,,,,,,
,15-May-13,15.34305556,,,,,,,
,16-Apr-13,15.95527778,,,,,,,
,16-May-13,10.17333333,,,,,,,
,17-Apr-13,18.87138889,,,,,,,
,17-May-13,7.980277778,,,,,,,
,18-Apr-13,7.908333333,,,,,,,
,18-May-13,11.02888889,,,,,,,
,19-Apr-13,9.8,,,,,,,
,19-May-13,5.586388889,,,,,,,
,20-Apr-13,19.80833333,,,,,,,
,20-May-13,12.36138889,,,,,,,
,21-Apr-13,17.62722222,,,,,,,
,21-May-13,9.571111111,,,,,,,
,22-Apr-13,10.88416667,,,,,,,
,22-May-13,22.08555556,,,,,,,
,23-Apr-13,17.59111111,,,,,,,
,23-May-13,10.46222222,,,,,,,
,24-Apr-13,26.33,,,,,,,
,24-May-13,9.676388889,,,,,,,
,25-Apr-13,18.75777778,,,,,,,
,25-May-13,8.978055556,,,,,,,
,26-Apr-13,20.26527778,,,,,,,
,26-May-13,10.09805556,,,,,,,
,27-Apr-13,10.49833333,,,,,,,
,27-May-13,18.74916667,,,,,,,
,28-Apr-13,7.563888889,,,,,,,
,29-Apr-13,15.62166667,,,,,,,
,30-Apr-13,15.85777778,,,,,,,
,31-May-13,14.80527778,,,,,,,
37,1-Apr-13,1.526111111,,,,,,,
,2-Apr-13,17.26194444,,,,,,,
,3-Apr-13,15.1625,,,,,,,
,4-Apr-13,12.4,,,,,,,
,4-May-13,4.613611111,,,,,,,
,5-Apr-13,10.70055556,,,,,,,
,5-May-13,1.915,,,,,,,
,6-Apr-13,14.02,,,,,,,
,6-May-13,19.01222222,,,,,,,
,7-May-13,17.77166667,,,,,,,
,8-Apr-13,11.89083333,,,,,,,
,8-May-13,15.98083333,,,,,,,
,9-Apr-13,14.50805556,,,,,,,
,9-May-13,6.868611111,,,,,,,
,10-Apr-13,1.535277778,,,,,,,
,10-May-13,10.10666667,,,,,,,
,11-Apr-13,19.70833333,,,,,,,
,11-May-13,20.65472222,,,,,,,
,12-Apr-13,16.38916667,,,,,,,
,12-May-13,23.88444444,,,,,,,
,13-Apr-13,16.19638889,,,,,,,
,13-May-13,5.536666667,,,,,,,
,14-Apr-13,12.23222222,,,,,,,
,14-May-13,1.950833333,,,,,,,
,15-Apr-13,13.61888889,,,,,,,
,15-May-13,10.49388889,,,,,,,
,17-Apr-13,4.28,,,,,,,
,18-Apr-13,11.79083333,,,,,,,
,18-May-13,3.367777778,,,,,,,
,19-May-13,2.309166667,,,,,,,
,20-May-13,10.64222222,,,,,,,
,21-Apr-13,17.33916667,,,,,,,
,21-May-13,20.27472222,,,,,,,
,22-Apr-13,9.779722222,,,,,,,
,22-May-13,13.82666667,,,,,,,
,24-May-13,4.219722222,,,,,,,
,25-May-13,18.62027778,,,,,,,
,26-May-13,9.706388889,,,,,,,
,27-Apr-13,1.783333333,,,,,,,
,27-May-13,14.3225,,,,,,,
,28-Apr-13,19.63416667,,,,,,,
,28-May-13,16.50305556,,,,,,,
,29-Apr-13,9.278888889,,,,,,,
,29-May-13,4.550555556,,,,,,,
,30-Apr-13,9.386111111,,,,,,,
38,1-Apr-13,8.581666667,,,,,,,
,1-May-13,7.2175,,,,,,,
,2-Apr-13,14.72138889,,,,,,,
,2-May-13,7.538333333,,,,,,,
,3-Apr-13,28.56027778,,,,,,,
,3-May-13,6.358888889,,,,,,,
,4-Apr-13,10.11694444,,,,,,,
,5-Apr-13,10.09138889,,,,,,,
,5-May-13,8.398888889,,,,,,,
,6-Apr-13,17.23555556,,,,,,,
,6-May-13,10.36444444,,,,,,,
,7-Apr-13,14.38777778,,,,,,,
,7-May-13,7.800277778,,,,,,,
,8-Apr-13,10.87805556,,,,,,,
,8-May-13,10.39888889,,,,,,,
,9-Apr-13,13.465,,,,,,,
,9-May-13,8.627222222,,,,,,,
,10-Apr-13,12.06666667,,,,,,,
,10-May-13,7.014444444,,,,,,,
,11-Apr-13,13.45083333,,,,,,,
,11-May-13,3.950555556,,,,,,,
,12-Apr-13,7.455277778,,,,,,,
,12-May-13,9.797222222,,,,,,,
,13-Apr-13,4.576944444,,,,,,,
,13-May-13,2.028333333,,,,,,,
,14-Apr-13,8.798055556,,,,,,,
,14-May-13,2.503611111,,,,,,,
,15-Apr-13,8.186388889,,,,,,,
,15-May-13,2.36,,,,,,,
,16-Apr-13,9.002777778,,,,,,,
,16-May-13,9.146111111,,,,,,,
,17-Apr-13,8.324722222,,,,,,,
,17-May-13,9.328611111,,,,,,,
,18-Apr-13,1.059166667,,,,,,,
,18-May-13,9.035555556,,,,,,,
,19-Apr-13,7.636388889,,,,,,,
,19-May-13,9.975277778,,,,,,,
,20-Apr-13,9.926388889,,,,,,,
,20-May-13,6.590833333,,,,,,,
,21-Apr-13,9.181388889,,,,,,,
,21-May-13,6.016388889,,,,,,,
,22-Apr-13,5.261111111,,,,,,,
,23-Apr-13,1.068055556,,,,,,,
,23-May-13,1.256944444,,,,,,,
,24-Apr-13,9.168333333,,,,,,,
,25-Apr-13,2.342777778,,,,,,,
,26-Apr-13,4.899444444,,,,,,,
,27-Apr-13,11.41416667,,,,,,,
,28-Apr-13,7.448611111,,,,,,,
,29-Apr-13,7.7275,,,,,,,
,30-Apr-13,2.365555556,,,,,,,
,31-Mar-13,1.023055556,,,,,,,
39,1-Apr-13,9.266388889,,,,,,,
,2-May-13,2.228888889,,,,,,,
,3-Apr-13,3.477777778,,,,,,,
,3-May-13,7.989722222,,,,,,,
,4-Apr-13,2.864444444,,,,,,,
,11-Apr-13,2.550277778,,,,,,,
,12-Apr-13,10.79027778,,,,,,,
,13-Apr-13,11.84583333,,,,,,,
,13-May-13,4.531111111,,,,,,,
,14-Apr-13,14.03444444,,,,,,,
,15-Apr-13,5.7,,,,,,,
,17-Apr-13,4.475555556,,,,,,,
,18-Apr-13,2.115277778,,,,,,,
,19-May-13,4.005,,,,,,,
,20-Apr-13,5.384722222,,,,,,,
,20-May-13,11.43444444,,,,,,,
,21-Apr-13,19.695,,,,,,,
,21-May-13,16.24166667,,,,,,,
,22-May-13,8.468055556,,,,,,,
,23-May-13,4.581944444,,,,,,,
,24-May-13,9.343888889,,,,,,,
,25-May-13,12.82694444,,,,,,,
,26-May-13,7.360277778,,,,,,,
,27-Apr-13,18.74805556,,,,,,,
,27-May-13,10.35333333,,,,,,,
,28-Mar-13,7.950277778,,,,,,,
,28-May-13,10.41222222,,,,,,,
,29-Mar-13,13.66194444,,,,,,,
,29-May-13,5.347222222,,,,,,,
,30-Mar-13,9.978055556,,,,,,,
,30-May-13,7.595833333,,,,,,,
,31-Mar-13,7.295,,,,,,,
40,1-Apr-13,3.1525,,,,,,,
,1-Jun-13,1.215833333,,,,,,,
,1-May-13,8.303611111,,,,,,,
,2-Apr-13,12.84472222,,,,,,,
,2-May-13,1.281111111,,,,,,,
,3-Apr-13,10.34388889,,,,,,,
,3-May-13,10.65916667,,,,,,,
,4-Apr-13,5.996388889,,,,,,,
,4-May-13,3.346666667,,,,,,,
,5-Apr-13,5.676666667,,,,,,,
,5-May-13,2.702222222,,,,,,,
,6-Apr-13,11.51361111,,,,,,,
,6-May-13,9.934444444,,,,,,,
,7-Apr-13,17.18111111,,,,,,,
,7-May-13,6.652777778,,,,,,,
,8-Apr-13,6.878055556,,,,,,,
,8-May-13,9.591666667,,,,,,,
,9-Apr-13,7.467777778,,,,,,,
,9-May-13,11.83222222,,,,,,,
,10-Apr-13,5.101111111,,,,,,,
,10-May-13,2.253611111,,,,,,,
,11-Apr-13,6.908888889,,,,,,,
,11-May-13,6.7075,,,,,,,
,12-Apr-13,4.628611111,,,,,,,
,12-May-13,14.01916667,,,,,,,
,13-Apr-13,6.880833333,,,,,,,
,13-May-13,20.90916667,,,,,,,
,14-Apr-13,11.14722222,,,,,,,
,14-May-13,13.9225,,,,,,,
,15-Apr-13,3.186666667,,,,,,,
,15-May-13,19.62916667,,,,,,,
,16-Apr-13,10.31444444,,,,,,,
,16-May-13,10.88666667,,,,,,,
,17-Apr-13,6.283888889,,,,,,,
,17-May-13,17.81111111,,,,,,,
,18-Apr-13,6.043055556,,,,,,,
,18-May-13,14.13972222,,,,,,,
,19-Apr-13,5.273055556,,,,,,,
,19-May-13,21.65694444,,,,,,,
,20-Apr-13,3.940277778,,,,,,,
,20-May-13,19.70916667,,,,,,,
,21-May-13,5.9575,,,,,,,
,22-Apr-13,2.533611111,,,,,,,
,22-May-13,22.89444444,,,,,,,
,23-Apr-13,4.756388889,,,,,,,
,23-May-13,22.955,,,,,,,
,24-Apr-13,5.434444444,,,,,,,
,24-May-13,17.37138889,,,,,,,
,25-Apr-13,5.862222222,,,,,,,
,25-May-13,14.50638889,,,,,,,
,26-Apr-13,8.068333333,,,,,,,
,26-May-13,5.053611111,,,,,,,
,27-Apr-13,14.12555556,,,,,,,
,27-May-13,8.145555556,,,,,,,
,28-Apr-13,6.877777778,,,,,,,
,28-May-13,15.10055556,,,,,,,
,29-Apr-13,5.720833333,,,,,,,
,29-Mar-13,5.113333333,,,,,,,
,29-May-13,18.3375,,,,,,,
,30-Apr-13,7.171944444,,,,,,,
,30-Mar-13,9.466666667,,,,,,,
,30-May-13,27.01888889,,,,,,,
,31-Mar-13,11.67194444,,,,,,,
,31-May-13,14.62444444,,,,,,,
41,1-Apr-13,22.11166667,,,,,,,
,2-Apr-13,22.09361111,,,,,,,
,3-Apr-13,11.685,,,,,,,
,4-Apr-13,3.856666667,,,,,,,
,5-Apr-13,8.633611111,,,,,,,
,6-Apr-13,4.474166667,,,,,,,
,7-Apr-13,3.620555556,,,,,,,
,8-Apr-13,11.64027778,,,,,,,
,9-Apr-13,4.0175,,,,,,,
,9-May-13,9.361388889,,,,,,,
,10-Apr-13,9.215277778,,,,,,,
,10-May-13,9.895555556,,,,,,,
,11-Apr-13,9.883333333,,,,,,,
,12-Apr-13,7.485555556,,,,,,,
,12-May-13,5.223055556,,,,,,,
,13-Apr-13,4.602777778,,,,,,,
,13-May-13,5.036666667,,,,,,,
,14-May-13,4.102222222,,,,,,,
,15-Apr-13,13.49111111,,,,,,,
,15-May-13,2.164722222,,,,,,,
,16-Apr-13,1.181388889,,,,,,,
,17-Apr-13,26.12472222,,,,,,,
,18-Apr-13,22.76305556,,,,,,,
,19-Apr-13,5.054444444,,,,,,,
,20-Apr-13,1.515833333,,,,,,,
,22-Apr-13,6.318611111,,,,,,,
,23-Apr-13,17.43916667,,,,,,,
,24-Apr-13,24.88888889,,,,,,,
,27-Apr-13,5.0925,,,,,,,
,28-Apr-13,3.580833333,,,,,,,
,28-Mar-13,8.3425,,,,,,,
,29-Mar-13,5.963888889,,,,,,,
,29-May-13,2.624444444,,,,,,,
,30-Mar-13,3.605555556,,,,,,,
,31-Mar-13,17.32555556,,,,,,,
,31-May-13,2.666111111,,,,,,,
42,1-Apr-13,18.64111111,,,,,,,
,1-Jun-13,3.548611111,,,,,,,
,1-May-13,2.351666667,,,,,,,
,2-Apr-13,17.12055556,,,,,,,
,2-May-13,8.011388889,,,,,,,
,3-Apr-13,14.51277778,,,,,,,
,3-May-13,22.60388889,,,,,,,
,4-Apr-13,12.75555556,,,,,,,
,4-May-13,22.53555556,,,,,,,
,5-Apr-13,20.915,,,,,,,
,5-May-13,19.55527778,,,,,,,
,6-Apr-13,12.61944444,,,,,,,
,6-May-13,9.227777778,,,,,,,
,7-Apr-13,25.41444444,,,,,,,
,7-May-13,4.399444444,,,,,,,
,8-Apr-13,17.02611111,,,,,,,
,8-May-13,27.11472222,,,,,,,
,9-Apr-13,8.346666667,,,,,,,
,9-May-13,22.69194444,,,,,,,
,10-Apr-13,9.029444444,,,,,,,
,10-May-13,9.620555556,,,,,,,
,11-Apr-13,20.1825,,,,,,,
,11-May-13,12.70944444,,,,,,,
,12-Apr-13,16.22222222,,,,,,,
,12-May-13,9.411944444,,,,,,,
,13-Apr-13,21.35416667,,,,,,,
,13-May-13,19.16527778,,,,,,,
,14-Apr-13,21.875,,,,,,,
,14-May-13,15.55777778,,,,,,,
,15-Apr-13,22.07611111,,,,,,,
,15-May-13,19.33666667,,,,,,,
,16-Apr-13,19.53444444,,,,,,,
,16-May-13,12.28472222,,,,,,,
,17-Apr-13,20.14055556,,,,,,,
,17-May-13,16.85222222,,,,,,,
,18-Apr-13,18.81611111,,,,,,,
,18-May-13,6.415,,,,,,,
,19-Apr-13,17.12638889,,,,,,,
,19-May-13,26.63666667,,,,,,,
,20-Apr-13,3.386666667,,,,,,,
,20-May-13,7.502777778,,,,,,,
,21-Apr-13,7.501666667,,,,,,,
,21-May-13,19.79222222,,,,,,,
,22-Apr-13,24.05222222,,,,,,,
,22-May-13,10.01416667,,,,,,,
,23-Apr-13,19.71666667,,,,,,,
,23-May-13,8.826944444,,,,,,,
,24-Apr-13,19.18361111,,,,,,,
,24-May-13,20.95416667,,,,,,,
,25-Apr-13,22.895,,,,,,,
,25-May-13,22.56638889,,,,,,,
,26-Apr-13,21.99,,,,,,,
,26-May-13,24.36166667,,,,,,,
,27-Apr-13,7.181666667,,,,,,,
,27-Mar-13,2.749166667,,,,,,,
,27-May-13,10.1175,,,,,,,
,28-Apr-13,19.15611111,,,,,,,
,28-Mar-13,20.53611111,,,,,,,
,28-May-13,22.95166667,,,,,,,
,29-Apr-13,15.95555556,,,,,,,
,29-Mar-13,14.21277778,,,,,,,
,29-May-13,17.44111111,,,,,,,
,30-Apr-13,20.77805556,,,,,,,
,30-Mar-13,8.413055556,,,,,,,
,30-May-13,19.63,,,,,,,
,31-Mar-13,22.91166667,,,,,,,
,31-May-13,21.04861111,,,,,,,
43,1-Apr-13,14.33277778,,,,,,,
,1-Jun-13,2.316111111,,,,,,,
,1-May-13,5.817777778,,,,,,,
,2-Apr-13,15.76666667,,,,,,,
,2-May-13,19.06388889,,,,,,,
,3-Apr-13,20.19277778,,,,,,,
,3-May-13,1.719722222,,,,,,,
,4-Apr-13,16.99416667,,,,,,,
,4-May-13,16.89555556,,,,,,,
,5-Apr-13,16.71083333,,,,,,,
,5-May-13,20.19166667,,,,,,,
,6-Apr-13,6.306388889,,,,,,,
,6-May-13,2.859444444,,,,,,,
,7-Apr-13,19.73972222,,,,,,,
,7-May-13,14.37805556,,,,,,,
,8-Apr-13,9.870833333,,,,,,,
,8-May-13,8.6525,,,,,,,
,9-Apr-13,16.00888889,,,,,,,
,9-May-13,7.575833333,,,,,,,
,10-Apr-13,16.53194444,,,,,,,
,10-May-13,16.68,,,,,,,
,11-Apr-13,15.43138889,,,,,,,
,11-May-13,14.22861111,,,,,,,
,12-Apr-13,17.29277778,,,,,,,
,12-May-13,3.02,,,,,,,
,13-Apr-13,17.64916667,,,,,,,
,13-May-13,17.92666667,,,,,,,
,14-Apr-13,7.966944444,,,,,,,
,14-May-13,6.129722222,,,,,,,
,15-Apr-13,20.89611111,,,,,,,
,15-May-13,3.630833333,,,,,,,
,16-Apr-13,13.33916667,,,,,,,
,16-May-13,18.555,,,,,,,
,17-Apr-13,3.708055556,,,,,,,
,17-May-13,1.505833333,,,,,,,
,18-Apr-13,15.14111111,,,,,,,
,18-May-13,16.26277778,,,,,,,
,19-Apr-13,13.06722222,,,,,,,
,19-May-13,18.57472222,,,,,,,
,20-Apr-13,6.854444444,,,,,,,
,20-May-13,12.06,,,,,,,
,21-Apr-13,9.045277778,,,,,,,
,21-May-13,19.69944444,,,,,,,
,22-Apr-13,10.93805556,,,,,,,
,22-May-13,13.92555556,,,,,,,
,23-Apr-13,11.73833333,,,,,,,
,23-May-13,21.59277778,,,,,,,
,24-May-13,17.86888889,,,,,,,
,25-Apr-13,4.095833333,,,,,,,
,25-May-13,21.22694444,,,,,,,
,26-Apr-13,20.83305556,,,,,,,
,26-May-13,13.65861111,,,,,,,
,27-Apr-13,18.32027778,,,,,,,
,28-Apr-13,19.26888889,,,,,,,
,28-May-13,19.42444444,,,,,,,
,29-Apr-13,19.01138889,,,,,,,
,29-Mar-13,16.82777778,,,,,,,
,29-May-13,3.049166667,,,,,,,
,30-Apr-13,9.841388889,,,,,,,
,30-Mar-13,16.31444444,,,,,,,
,30-May-13,7.041388889,,,,,,,
,31-Mar-13,6.217222222,,,,,,,
,31-May-13,8.624722222,,,,,,,
44,1-Apr-13,11.35777778,,,,,,,
,1-May-13,19.30583333,,,,,,,
,2-Apr-13,11.82,,,,,,,
,2-May-13,7.059722222,,,,,,,
,3-Apr-13,19.19055556,,,,,,,
,3-May-13,16.39944444,,,,,,,
,4-Apr-13,8.693611111,,,,,,,
,4-May-13,7.399166667,,,,,,,
,5-Apr-13,14.88166667,,,,,,,
,6-Apr-13,6.4075,,,,,,,
,6-May-13,13.815,,,,,,,
,7-Apr-13,15.72472222,,,,,,,
,7-May-13,12.98694444,,,,,,,
,8-Apr-13,11.36611111,,,,,,,
,8-May-13,13.4375,,,,,,,
,9-Apr-13,29.24805556,,,,,,,
,9-May-13,15.63777778,,,,,,,
,10-Apr-13,12.84472222,,,,,,,
,10-May-13,14.97611111,,,,,,,
,11-Apr-13,8.693888889,,,,,,,
,11-May-13,16.96583333,,,,,,,
,12-Apr-13,9.452777778,,,,,,,
,12-May-13,20.36111111,,,,,,,
,13-May-13,21.42944444,,,,,,,
,14-Apr-13,9.954444444,,,,,,,
,14-May-13,25.63194444,,,,,,,
,15-Apr-13,24.62027778,,,,,,,
,15-May-13,4.983611111,,,,,,,
,16-Apr-13,4.723055556,,,,,,,
,16-May-13,20.86722222,,,,,,,
,17-Apr-13,5.208611111,,,,,,,
,17-May-13,20.13388889,,,,,,,
,18-Apr-13,7.16,,,,,,,
,19-Apr-13,20.45138889,,,,,,,
,19-May-13,2.239166667,,,,,,,
,20-Apr-13,21.19583333,,,,,,,
,20-May-13,18.31944444,,,,,,,
,21-Apr-13,16.84888889,,,,,,,
,22-Apr-13,8.331944444,,,,,,,
,22-May-13,17.56,,,,,,,
,23-Apr-13,22.33805556,,,,,,,
,24-Apr-13,21.54972222,,,,,,,
,25-Apr-13,20.49583333,,,,,,,
,26-Apr-13,9.815277778,,,,,,,
,27-Apr-13,20.66972222,,,,,,,
,27-Mar-13,5.095277778,,,,,,,
,27-May-13,10.83305556,,,,,,,
,28-Apr-13,5.9225,,,,,,,
,28-Mar-13,17.73388889,,,,,,,
,28-May-13,9.169166667,,,,,,,
,29-Apr-13,9.141388889,,,,,,,
,29-Mar-13,13.90222222,,,,,,,
,29-May-13,13.89722222,,,,,,,
,30-Apr-13,11.58777778,,,,,,,
,30-Mar-13,9.051111111,,,,,,,
,30-May-13,8.223611111,,,,,,,
,31-Mar-13,14.39277778,,,,,,,
,31-May-13,17.24111111,,,,,,,
45,1-Apr-13,2.253333333,,,,,,,
,1-May-13,4.493611111,,,,,,,
,2-Apr-13,11.53555556,,,,,,,
,2-May-13,9.480277778,,,,,,,
,3-Apr-13,9.528611111,,,,,,,
,3-May-13,11.65027778,,,,,,,
,4-Apr-13,10.575,,,,,,,
,4-May-13,1.2325,,,,,,,
,5-Apr-13,10.93777778,,,,,,,
,5-May-13,3.976944444,,,,,,,
,6-Apr-13,13.42083333,,,,,,,
,6-May-13,3.184166667,,,,,,,
,7-Apr-13,1.923888889,,,,,,,
,7-May-13,3.565833333,,,,,,,
,8-Apr-13,10.4325,,,,,,,
,8-May-13,8.460277778,,,,,,,
,9-Apr-13,17.00583333,,,,,,,
,9-May-13,4.548055556,,,,,,,
,10-Apr-13,12.73027778,,,,,,,
,11-Apr-13,12.64277778,,,,,,,
,12-Apr-13,16.0175,,,,,,,
,13-Apr-13,9.803055556,,,,,,,
,14-Apr-13,15.23944444,,,,,,,
,15-Apr-13,10.41555556,,,,,,,
,16-Apr-13,11.66694444,,,,,,,
,17-Apr-13,7.046944444,,,,,,,
,18-Apr-13,9.945555556,,,,,,,
,19-Apr-13,11.02583333,,,,,,,
,20-Apr-13,11.44916667,,,,,,,
,21-Apr-13,7.1875,,,,,,,
,22-Apr-13,5.656388889,,,,,,,
,23-Apr-13,5.368888889,,,,,,,
,24-Apr-13,11.88638889,,,,,,,
,25-Apr-13,8.795277778,,,,,,,
,26-Apr-13,8.329444444,,,,,,,
,27-Apr-13,12.7675,,,,,,,
,27-Mar-13,2.598055556,,,,,,,
,28-Apr-13,6.896388889,,,,,,,
,28-Mar-13,8.452777778,,,,,,,
,29-Apr-13,4.106388889,,,,,,,
,29-Mar-13,14.79694444,,,,,,,
,30-Apr-13,11.32861111,,,,,,,
,30-Mar-13,7.665555556,,,,,,,
,30-May-13,10.10194444,,,,,,,
,31-Mar-13,7.647777778,,,,,,,
46,1-Apr-13,1.238611111,,,,,,,
,1-May-13,4.067777778,,,,,,,
,2-Apr-13,10.78472222,,,,,,,
,2-May-13,24.52416667,,,,,,,
,3-Apr-13,7.074444444,,,,,,,
,3-May-13,2.451111111,,,,,,,
,4-Apr-13,10.01861111,,,,,,,
,4-May-13,1.169722222,,,,,,,
,5-Apr-13,4.281666667,,,,,,,
,6-Apr-13,13.28361111,,,,,,,
,7-Apr-13,4.208055556,,,,,,,
,8-Apr-13,4.073888889,,,,,,,
,9-Apr-13,19.68916667,,,,,,,
,10-Apr-13,9.643333333,,,,,,,
,11-Apr-13,3.262222222,,,,,,,
,12-Apr-13,24.42833333,,,,,,,
,13-Apr-13,22.39055556,,,,,,,
,14-Apr-13,16.86361111,,,,,,,
,14-May-13,20.27694444,,,,,,,
,15-Apr-13,17.22166667,,,,,,,
,15-May-13,1.446944444,,,,,,,
,16-Apr-13,9.173333333,,,,,,,
,16-May-13,3.083888889,,,,,,,
,17-Apr-13,4.742777778,,,,,,,
,17-May-13,9.303888889,,,,,,,
,19-Apr-13,19.66444444,,,,,,,
,19-May-13,12.27527778,,,,,,,
,20-Apr-13,7.7525,,,,,,,
,20-May-13,12.16944444,,,,,,,
,21-Apr-13,7.008333333,,,,,,,
,22-Apr-13,13.84861111,,,,,,,
,22-May-13,7.8875,,,,,,,
,24-Apr-13,9.672222222,,,,,,,
,24-May-13,7.984166667,,,,,,,
,26-Apr-13,10.84444444,,,,,,,
,26-May-13,3.165277778,,,,,,,
,27-Apr-13,11.50611111,,,,,,,
,27-Mar-13,9.674166667,,,,,,,
,28-Apr-13,13.27,,,,,,,
,28-May-13,9.5875,,,,,,,
,29-Apr-13,9.868055556,,,,,,,
,29-Mar-13,1.158888889,,,,,,,
,29-May-13,9.154444444,,,,,,,
,30-Apr-13,23.92361111,,,,,,,
,30-Mar-13,19.44416667,,,,,,,
,30-May-13,6.438611111,,,,,,,
,31-Mar-13,19.87944444,,,,,,,
,31-May-13,11.01777778,,,,,,,
47,1-Apr-13,14.24722222,,,,,,,
,1-May-13,14.36444444,,,,,,,
,2-Apr-13,14.91888889,,,,,,,
,2-May-13,11.645,,,,,,,
,3-Apr-13,14.17305556,,,,,,,
,3-May-13,6.531944444,,,,,,,
,4-Apr-13,12.49638889,,,,,,,
,4-May-13,7.305833333,,,,,,,
,5-Apr-13,13.23083333,,,,,,,
,5-May-13,9.227777778,,,,,,,
,6-Apr-13,5.696111111,,,,,,,
,6-May-13,10.8475,,,,,,,
,7-Apr-13,6.878055556,,,,,,,
,7-May-13,13.02333333,,,,,,,
,8-Apr-13,7.497777778,,,,,,,
,8-May-13,11.26805556,,,,,,,
,9-Apr-13,17.98416667,,,,,,,
,9-May-13,9.735277778,,,,,,,
,10-Apr-13,15.6425,,,,,,,
,10-May-13,11.18638889,,,,,,,
,11-Apr-13,13.31861111,,,,,,,
,11-May-13,9.235277778,,,,,,,
,12-Apr-13,12.38666667,,,,,,,
,12-May-13,11.31611111,,,,,,,
,13-Apr-13,9.454444444,,,,,,,
,13-May-13,14.76222222,,,,,,,
,14-Apr-13,14.90944444,,,,,,,
,14-May-13,8.690555556,,,,,,,
,15-Apr-13,10.41833333,,,,,,,
,15-May-13,10.06944444,,,,,,,
,16-Apr-13,15.48916667,,,,,,,
,16-May-13,9.479722222,,,,,,,
,17-Apr-13,17.8725,,,,,,,
,17-May-13,8.422222222,,,,,,,
,18-Apr-13,11.88055556,,,,,,,
,18-May-13,8.931388889,,,,,,,
,19-Apr-13,9.959166667,,,,,,,
,19-May-13,8.908888889,,,,,,,
,20-Apr-13,5.460277778,,,,,,,
,20-May-13,7.768888889,,,,,,,
,21-Apr-13,13.94361111,,,,,,,
,21-May-13,10.77277778,,,,,,,
,22-Apr-13,17.53777778,,,,,,,
,22-May-13,7.494722222,,,,,,,
,23-Apr-13,17.46138889,,,,,,,
,23-May-13,12.13444444,,,,,,,
,24-Apr-13,11.82027778,,,,,,,
,24-May-13,8.840277778,,,,,,,
,25-Apr-13,7.411666667,,,,,,,
,25-May-13,7.690277778,,,,,,,
,26-Apr-13,9.8775,,,,,,,
,26-May-13,8.630555556,,,,,,,
,27-Apr-13,1.018333333,,,,,,,
,27-Mar-13,13.34722222,,,,,,,
,27-May-13,6.7625,,,,,,,
,28-Apr-13,9.835277778,,,,,,,
,28-Mar-13,11.69694444,,,,,,,
,28-May-13,6.578333333,,,,,,,
,29-Apr-13,9.186666667,,,,,,,
,29-May-13,14.46166667,,,,,,,
,30-Apr-13,7.081666667,,,,,,,
,30-Mar-13,10.8925,,,,,,,
,30-May-13,11.66333333,,,,,,,
,31-Mar-13,9.253888889,,,,,,,
,31-May-13,13.58388889,,,,,,,
48,1-Apr-13,13.22,,,,,,,
,1-May-13,16.59055556,,,,,,,
,2-Apr-13,12.80277778,,,,,,,
,2-May-13,8.892222222,,,,,,,
,3-Apr-13,8.705,,,,,,,
,3-May-13,19.70805556,,,,,,,
,4-Apr-13,6.801944444,,,,,,,
,4-May-13,2.4875,,,,,,,
,5-Apr-13,11.31055556,,,,,,,
,6-Apr-13,13.37833333,,,,,,,
,6-May-13,26.35,,,,,,,
,7-Apr-13,11.32916667,,,,,,,
,7-May-13,14.36138889,,,,,,,
,8-Apr-13,15.63222222,,,,,,,
,8-May-13,22.81805556,,,,,,,
,9-Apr-13,10.77138889,,,,,,,
,9-May-13,16.72694444,,,,,,,
,10-Apr-13,12.01361111,,,,,,,
,10-May-13,16.34611111,,,,,,,
,11-Apr-13,8.204166667,,,,,,,
,11-May-13,5.100277778,,,,,,,
,12-Apr-13,14.6275,,,,,,,
,12-May-13,9.958888889,,,,,,,
,13-Apr-13,9.1175,,,,,,,
,13-May-13,9.769444444,,,,,,,
,14-Apr-13,7.286388889,,,,,,,
,14-May-13,22.78888889,,,,,,,
,15-Apr-13,21.69305556,,,,,,,
,15-May-13,18.68083333,,,,,,,
,16-Apr-13,16.15527778,,,,,,,
,16-May-13,21.65416667,,,,,,,
,17-Apr-13,16.71444444,,,,,,,
,17-May-13,8.598888889,,,,,,,
,18-Apr-13,8.282222222,,,,,,,
,18-May-13,20.26166667,,,,,,,
,19-Apr-13,11.75694444,,,,,,,
,19-May-13,10.92361111,,,,,,,
,20-Apr-13,10.67305556,,,,,,,
,20-May-13,13.62805556,,,,,,,
,21-Apr-13,5.089444444,,,,,,,
,21-May-13,21.6625,,,,,,,
,22-Apr-13,15.55305556,,,,,,,
,22-May-13,27.08277778,,,,,,,
,23-Apr-13,4.796944444,,,,,,,
,23-May-13,13.91111111,,,,,,,
,24-Apr-13,16.48527778,,,,,,,
,24-May-13,17.30361111,,,,,,,
,25-Apr-13,11.5225,,,,,,,
,25-May-13,22.35777778,,,,,,,
,26-Apr-13,18.84027778,,,,,,,
,26-May-13,10.10722222,,,,,,,
,27-Apr-13,11.23888889,,,,,,,
,27-Mar-13,12.87527778,,,,,,,
,27-May-13,22.14805556,,,,,,,
,28-Apr-13,19.61,,,,,,,
,28-Mar-13,11.945,,,,,,,
,28-May-13,13.21444444,,,,,,,
,29-Apr-13,22.06638889,,,,,,,
,29-Mar-13,9.38,,,,,,,
,29-May-13,11.35972222,,,,,,,
,30-Apr-13,3.578055556,,,,,,,
,30-Mar-13,21.57138889,,,,,,,
,31-Mar-13,20.48694444,,,,,,,
49,1-Apr-13,14.19638889,,,,,,,
,1-May-13,2.267222222,,,,,,,
,2-Apr-13,15.86027778,,,,,,,
,2-May-13,9.426944444,,,,,,,
,3-Apr-13,13.59527778,,,,,,,
,3-May-13,10.26333333,,,,,,,
,4-Apr-13,14.65444444,,,,,,,
,4-May-13,4.8425,,,,,,,
,5-Apr-13,18.97527778,,,,,,,
,5-May-13,14.13944444,,,,,,,
,6-Apr-13,7.373055556,,,,,,,
,6-May-13,4.871111111,,,,,,,
,7-Apr-13,9.5375,,,,,,,
,7-May-13,7.623611111,,,,,,,
,8-Apr-13,7.768333333,,,,,,,
,8-May-13,4.194166667,,,,,,,
,9-Apr-13,9.685277778,,,,,,,
,9-May-13,8.587222222,,,,,,,
,10-Apr-13,7.221944444,,,,,,,
,10-May-13,5.545555556,,,,,,,
,11-Apr-13,7.456388889,,,,,,,
,12-Apr-13,6.756666667,,,,,,,
,13-Apr-13,7.281666667,,,,,,,
,14-Apr-13,4.020833333,,,,,,,
,15-Apr-13,1.111666667,,,,,,,
,15-May-13,1.1975,,,,,,,
,16-Apr-13,1.811388889,,,,,,,
,16-May-13,1.852222222,,,,,,,
,17-Apr-13,3.583611111,,,,,,,
,17-May-13,6.430555556,,,,,,,
,18-Apr-13,1.601666667,,,,,,,
,19-Apr-13,7.571944444,,,,,,,
,19-May-13,4.6025,,,,,,,
,20-Apr-13,6.831944444,,,,,,,
,20-May-13,1.116666667,,,,,,,
,21-Apr-13,6.116388889,,,,,,,
,21-May-13,3.923333333,,,,,,,
,22-Apr-13,4.831388889,,,,,,,
,22-May-13,2.301111111,,,,,,,
,23-Apr-13,4.6275,,,,,,,
,23-May-13,1.988611111,,,,,,,
,24-May-13,7.498055556,,,,,,,
,25-Apr-13,7.476111111,,,,,,,
,25-May-13,7.384722222,,,,,,,
,26-Apr-13,6.094722222,,,,,,,
,26-May-13,11.14222222,,,,,,,
,27-Apr-13,11.7025,,,,,,,
,27-Mar-13,8.83,,,,,,,
,27-May-13,6.72,,,,,,,
,28-Apr-13,2.094166667,,,,,,,
,28-Mar-13,5.669444444,,,,,,,
,28-May-13,5.759444444,,,,,,,
,29-Apr-13,4.269444444,,,,,,,
,29-Mar-13,7.609166667,,,,,,,
,29-May-13,2.726944444,,,,,,,
,30-Apr-13,3.6975,,,,,,,
,30-Mar-13,9.852222222,,,,,,,
,30-May-13,10.00361111,,,,,,,
,31-Mar-13,19.78638889,,,,,,,
,31-May-13,6.670277778,,,,,,,
